,id,accession,title,taxid,sciname,num,len,num,bit_score,score,evalue,identity,positive,query_from,query_to,hit_from,hit_to,align_len,gaps,qseq,hseq,midline,query_title,query_len
0,sp|P61921.2|,P61921,RecName: Full=Hemoglobin subunit gamma-2; AltName: Full=Gamma-2-globin; AltName: Full=Hemoglobin gamma-2 chain; AltName: Full=Hemoglobin gamma-G chain [Pan troglodytes],9598,Pan troglodytes,1,147,1,301.212,770,6.86578e-106,146,146,2,147,2,147,146,0,GHFTEEDKATITSLWGKVNVEDAGGETLGRLLVVYPWTQRFFDSFGNLSSASAIMGNPKVKAHGKKVLTSLGDAIKHLDDLKGTFAQLSELHCDKLHVDPENFKLLGNVLVTVLAIHFGKEFTPEVQASWQKMVTGVASALSSRYH,GHFTEEDKATITSLWGKVNVEDAGGETLGRLLVVYPWTQRFFDSFGNLSSASAIMGNPKVKAHGKKVLTSLGDAIKHLDDLKGTFAQLSELHCDKLHVDPENFKLLGNVLVTVLAIHFGKEFTPEVQASWQKMVTGVASALSSRYH,GHFTEEDKATITSLWGKVNVEDAGGETLGRLLVVYPWTQRFFDSFGNLSSASAIMGNPKVKAHGKKVLTSLGDAIKHLDDLKGTFAQLSELHCDKLHVDPENFKLLGNVLVTVLAIHFGKEFTPEVQASWQKMVTGVASALSSRYH,sequence_70,147
1,sp|P61920.2|,P61920,RecName: Full=Hemoglobin subunit gamma-1; AltName: Full=Gamma-1-globin; AltName: Full=Hemoglobin gamma-1 chain; AltName: Full=Hemoglobin gamma-A chain [Pan troglodytes],9598,Pan troglodytes,2,147,1,299.286,765,3.0885e-105,145,145,2,147,2,147,146,0,GHFTEEDKATITSLWGKVNVEDAGGETLGRLLVVYPWTQRFFDSFGNLSSASAIMGNPKVKAHGKKVLTSLGDAIKHLDDLKGTFAQLSELHCDKLHVDPENFKLLGNVLVTVLAIHFGKEFTPEVQASWQKMVTGVASALSSRYH,GHFTEEDKATITSLWGKVNVEDAGGETLGRLLVVYPWTQRFFDSFGNLSSASAIMGNPKVKAHGKKVLTSLGDAIKHLDDLKGTFAQLSELHCDKLHVDPENFKLLGNVLVTVLAIHFGKEFTPEVQASWQKMVTAVASALSSRYH,GHFTEEDKATITSLWGKVNVEDAGGETLGRLLVVYPWTQRFFDSFGNLSSASAIMGNPKVKAHGKKVLTSLGDAIKHLDDLKGTFAQLSELHCDKLHVDPENFKLLGNVLVTVLAIHFGKEFTPEVQASWQKMVT VASALSSRYH,sequence_70,147
2,sp|Q28779.3|,Q28779,RecName: Full=Hemoglobin subunit gamma-1; AltName: Full=Gamma-1-globin; AltName: Full=Hemoglobin gamma-1 chain; AltName: Full=Hemoglobin gamma-A chain [Pan paniscus],9597,Pan paniscus,3,147,1,298.516,763,6.95808e-105,144,145,2,147,2,147,146,0,GHFTEEDKATITSLWGKVNVEDAGGETLGRLLVVYPWTQRFFDSFGNLSSASAIMGNPKVKAHGKKVLTSLGDAIKHLDDLKGTFAQLSELHCDKLHVDPENFKLLGNVLVTVLAIHFGKEFTPEVQASWQKMVTGVASALSSRYH,GHFTEEDKATITSLWGKVNVEDAGGETLGRLLVVYPWTQRFFDSFGNLSSASAIMGNPKVKAHGKKVLTSLGDAIKHLDDLKGTFAQLSELHCDKLHVDPENFRLLGNVLVTVLAIHFGKEFTPEVQASWQKMVTAVASALSSRYH,GHFTEEDKATITSLWGKVNVEDAGGETLGRLLVVYPWTQRFFDSFGNLSSASAIMGNPKVKAHGKKVLTSLGDAIKHLDDLKGTFAQLSELHCDKLHVDPENF+LLGNVLVTVLAIHFGKEFTPEVQASWQKMVT VASALSSRYH,sequence_70,147
3,sp|P18995.2|,P18995,RecName: Full=Hemoglobin subunit gamma-1; AltName: Full=Gamma-1-globin; AltName: Full=Hemoglobin gamma-1 chain [Pongo pygmaeus],9600,Pongo pygmaeus,4,147,1,298.13,762,9.99522e-105,144,146,2,147,2,147,146,0,GHFTEEDKATITSLWGKVNVEDAGGETLGRLLVVYPWTQRFFDSFGNLSSASAIMGNPKVKAHGKKVLTSLGDAIKHLDDLKGTFAQLSELHCDKLHVDPENFKLLGNVLVTVLAIHFGKEFTPEVQASWQKMVTGVASALSSRYH,GHFTEEDKATITSLWGKVNVEDAGGETLGRLLVVYPWTQRFFDSFGNLSSASAIMGNPKVKAHGKKVLTSLGDAIKNLDDLKGTFAQLSELHCDKLHVDPENFRLLGNVLVTVLAIHFGKEFTPEVQASWQKMVTGVASALSSRYH,GHFTEEDKATITSLWGKVNVEDAGGETLGRLLVVYPWTQRFFDSFGNLSSASAIMGNPKVKAHGKKVLTSLGDAIK+LDDLKGTFAQLSELHCDKLHVDPENF+LLGNVLVTVLAIHFGKEFTPEVQASWQKMVTGVASALSSRYH,sequence_70,147
4,sp|P69891.3|,P69891,RecName: Full=Hemoglobin subunit gamma-1; AltName: Full=Gamma-1-globin; AltName: Full=Hb F Agamma; AltName: Full=Hemoglobin gamma-1 chain; AltName: Full=Hemoglobin gamma-A chain [Homo sapiens],9606,Homo sapiens,5,147,1,297.36,760,1.90998e-104,144,144,2,147,2,147,146,0,GHFTEEDKATITSLWGKVNVEDAGGETLGRLLVVYPWTQRFFDSFGNLSSASAIMGNPKVKAHGKKVLTSLGDAIKHLDDLKGTFAQLSELHCDKLHVDPENFKLLGNVLVTVLAIHFGKEFTPEVQASWQKMVTGVASALSSRYH,GHFTEEDKATITSLWGKVNVEDAGGETLGRLLVVYPWTQRFFDSFGNLSSASAIMGNPKVKAHGKKVLTSLGDATKHLDDLKGTFAQLSELHCDKLHVDPENFKLLGNVLVTVLAIHFGKEFTPEVQASWQKMVTAVASALSSRYH,GHFTEEDKATITSLWGKVNVEDAGGETLGRLLVVYPWTQRFFDSFGNLSSASAIMGNPKVKAHGKKVLTSLGDA KHLDDLKGTFAQLSELHCDKLHVDPENFKLLGNVLVTVLAIHFGKEFTPEVQASWQKMVT VASALSSRYH,sequence_70,147
5,sp|P68077.2|,P68077,RecName: Full=Hemoglobin subunit gamma; AltName: Full=Gamma-globin; AltName: Full=Hemoglobin gamma chain [Macaca mulatta],9544,Macaca mulatta,6,147,1,296.204,757,5.01762e-104,143,145,2,147,2,147,146,0,GHFTEEDKATITSLWGKVNVEDAGGETLGRLLVVYPWTQRFFDSFGNLSSASAIMGNPKVKAHGKKVLTSLGDAIKHLDDLKGTFAQLSELHCDKLHVDPENFKLLGNVLVTVLAIHFGKEFTPEVQASWQKMVTGVASALSSRYH,GHFTEEDKATITSLWGKVNVEDAGGETLGRLLVVYPWTQRFFDSFGNLSSASAIMGNPKVKAHGKKVLTSLGDAIKNLDDLKGTFAQLSELHCDKLHVDPENFRLLGNVLVTVLAIHFGKEFTPEVQASWQKMVAGVASALSSRYH,GHFTEEDKATITSLWGKVNVEDAGGETLGRLLVVYPWTQRFFDSFGNLSSASAIMGNPKVKAHGKKVLTSLGDAIK+LDDLKGTFAQLSELHCDKLHVDPENF+LLGNVLVTVLAIHFGKEFTPEVQASWQKMV GVASALSSRYH,sequence_70,147
6,sp|P62741.2|,P62741,RecName: Full=Hemoglobin subunit gamma-1; AltName: Full=Gamma-1-globin; AltName: Full=Hemoglobin gamma-1 chain; AltName: Full=Hemoglobin gamma-A chain [Gorilla gorilla gorilla],9595,Gorilla gorilla gorilla,7,147,1,295.434,755,1.16823e-103,143,144,2,147,2,147,146,0,GHFTEEDKATITSLWGKVNVEDAGGETLGRLLVVYPWTQRFFDSFGNLSSASAIMGNPKVKAHGKKVLTSLGDAIKHLDDLKGTFAQLSELHCDKLHVDPENFKLLGNVLVTVLAIHFGKEFTPEVQASWQKMVTGVASALSSRYH,GHFTEEDKATITSLWGKVNVEDAGGETLGRLLVVYPWTQRFFDSFGNLSSASAIMGNPKVKAHGKKVLTSLGGAIKHLDDLKGTFAQLSELHCDKLHVDPENFRLLGNVLVTVLAIHFGKEFTPEVQASWQKMVTAVASALSSRYH,GHFTEEDKATITSLWGKVNVEDAGGETLGRLLVVYPWTQRFFDSFGNLSSASAIMGNPKVKAHGKKVLTSLG AIKHLDDLKGTFAQLSELHCDKLHVDPENF+LLGNVLVTVLAIHFGKEFTPEVQASWQKMVT VASALSSRYH,sequence_70,147
7,sp|P18996.3|,P18996,RecName: Full=Hemoglobin subunit gamma-2; AltName: Full=Gamma-2-globin; AltName: Full=Hemoglobin gamma-2 chain [Pongo pygmaeus],9600,Pongo pygmaeus,8,147,1,295.049,754,1.91437e-103,141,146,2,147,2,147,146,0,GHFTEEDKATITSLWGKVNVEDAGGETLGRLLVVYPWTQRFFDSFGNLSSASAIMGNPKVKAHGKKVLTSLGDAIKHLDDLKGTFAQLSELHCDKLHVDPENFKLLGNVLVTVLAIHFGKEFTPEVQASWQKMVTGVASALSSRYH,GHFTEEDKATITSLWGKLNVEDAGGETLGRLLLVYPWTQRFFDSFGNLSSASAIMGNPKVKAHGKKVLTSLGDAVKNLDDLKGTFAQLSELHCDKLHVDPENFRLLGNVLVTVLAIHFGKEFTPEVQASWQKMVTGVASALSSRYH,GHFTEEDKATITSLWGK+NVEDAGGETLGRLL+VYPWTQRFFDSFGNLSSASAIMGNPKVKAHGKKVLTSLGDA+K+LDDLKGTFAQLSELHCDKLHVDPENF+LLGNVLVTVLAIHFGKEFTPEVQASWQKMVTGVASALSSRYH,sequence_70,147
8,sp|P02097.1|,P02097,RecName: Full=Hemoglobin subunit gamma; AltName: Full=Gamma-globin; AltName: Full=Hemoglobin gamma chain [Macaca nemestrina],9545,Macaca nemestrina,9,146,1,293.893,751,4.40246e-103,142,144,2,147,1,146,146,0,GHFTEEDKATITSLWGKVNVEDAGGETLGRLLVVYPWTQRFFDSFGNLSSASAIMGNPKVKAHGKKVLTSLGDAIKHLDDLKGTFAQLSELHCDKLHVDPENFKLLGNVLVTVLAIHFGKEFTPEVQASWQKMVTGVASALSSRYH,GHFTEEDKATITSLWGKVNVEDAGGETLGRLLVVYPWTQRFFDSFGNLSSASAIMGNPKVKAHGKKVLTSLGDAIKNLDDLKGTFAQLSELHCDKLHVDPENFRLLGNVLVTVLAIRFGKEFTPEVQASWQKMVAGVASALSSRYH,GHFTEEDKATITSLWGKVNVEDAGGETLGRLLVVYPWTQRFFDSFGNLSSASAIMGNPKVKAHGKKVLTSLGDAIK+LDDLKGTFAQLSELHCDKLHVDPENF+LLGNVLVTVLAI FGKEFTPEVQASWQKMV GVASALSSRYH,sequence_70,147
9,sp|P61947.2|,P61947,RecName: Full=Hemoglobin subunit gamma-1; AltName: Full=Gamma-1-globin; AltName: Full=Hemoglobin gamma-1 chain; AltName: Full=Hemoglobin gamma-A chain [Hylobates lar],9580,Hylobates lar,10,147,1,293.508,750,7.22401e-103,142,144,2,147,2,147,146,0,GHFTEEDKATITSLWGKVNVEDAGGETLGRLLVVYPWTQRFFDSFGNLSSASAIMGNPKVKAHGKKVLTSLGDAIKHLDDLKGTFAQLSELHCDKLHVDPENFKLLGNVLVTVLAIHFGKEFTPEVQASWQKMVTGVASALSSRYH,GHFTEEDKATITSLWGKVNVEDAGGETLGRLLVVYPWTQRFFDSFGNLSSASAIMGNPKVKAHGKKVLTSLGGAIKNLDDLKGTFAQLSELHCDKLHVDPENFRLLGNVLVTVLAIHFGKEFTPEVQASWQKMVAGVASALSSRYH,GHFTEEDKATITSLWGKVNVEDAGGETLGRLLVVYPWTQRFFDSFGNLSSASAIMGNPKVKAHGKKVLTSLG AIK+LDDLKGTFAQLSELHCDKLHVDPENF+LLGNVLVTVLAIHFGKEFTPEVQASWQKMV GVASALSSRYH,sequence_70,147
10,sp|P61948.2|,P61948,RecName: Full=Hemoglobin subunit gamma-2; AltName: Full=Gamma-2-globin; AltName: Full=Hemoglobin gamma-2 chain; AltName: Full=Hemoglobin gamma-G chain [Hylobates lar],9580,Hylobates lar,11,147,1,291.582,745,3.91575e-102,141,143,2,147,2,147,146,0,GHFTEEDKATITSLWGKVNVEDAGGETLGRLLVVYPWTQRFFDSFGNLSSASAIMGNPKVKAHGKKVLTSLGDAIKHLDDLKGTFAQLSELHCDKLHVDPENFKLLGNVLVTVLAIHFGKEFTPEVQASWQKMVTGVASALSSRYH,GHFTEEDKATITSLWGKVNVEDVGGETLGRLLVVYPWTQRFFDSFGNLSSASAIMGNPKVKAHGKKVLTSLGGAIKNLDDLKGTFAQLSELHCDKLHVDPENFRLLGNVLVTVLAIHFGKEFTPEVQASWQKMVAGVASALSSRYH,GHFTEEDKATITSLWGKVNVED GGETLGRLLVVYPWTQRFFDSFGNLSSASAIMGNPKVKAHGKKVLTSLG AIK+LDDLKGTFAQLSELHCDKLHVDPENF+LLGNVLVTVLAIHFGKEFTPEVQASWQKMV GVASALSSRYH,sequence_70,147
11,sp|P68257.2|,P68257,RecName: Full=Hemoglobin subunit gamma-2; AltName: Full=Gamma-2-globin; AltName: Full=Hemoglobin gamma-2 chain [Sapajus apella],9515,Sapajus apella,12,147,1,271.937,694,2.79887e-94,131,136,3,147,3,147,145,0,HFTEEDKATITSLWGKVNVEDAGGETLGRLLVVYPWTQRFFDSFGNLSSASAIMGNPKVKAHGKKVLTSLGDAIKHLDDLKGTFAQLSELHCDKLHVDPENFKLLGNVLVTVLAIHFGKEFTPEVQASWQKMVTGVASALSSRYH,NFTAEDKAAITSLWAKVNVEDAGGETLGRLLVVYPWTQRFFDSFGSLSSPSAIMGNPKVKAHGAKVLTSLGEAIKNLDDLKGTFGQLSELHCDKLHVDPENFRLLGNVLVTVLAIHHGKEFTPEVQASWQKMVAGVASALGSRYH,+FT EDKA ITSLW KVNVEDAGGETLGRLLVVYPWTQRFFDSFG+LSS SAIMGNPKVKAHG KVLTSLG+AIK+LDDLKGTF QLSELHCDKLHVDPENF+LLGNVLVTVLAIH GKEFTPEVQASWQKMV GVASAL SRYH,sequence_70,147
12,sp|P68256.2|,P68256,RecName: Full=Hemoglobin subunit gamma-1; AltName: Full=Gamma-1-globin; AltName: Full=Hemoglobin gamma-1 chain [Sapajus apella],9515,Sapajus apella,13,147,1,270.781,691,5.71117e-94,130,136,3,147,3,147,145,0,HFTEEDKATITSLWGKVNVEDAGGETLGRLLVVYPWTQRFFDSFGNLSSASAIMGNPKVKAHGKKVLTSLGDAIKHLDDLKGTFAQLSELHCDKLHVDPENFKLLGNVLVTVLAIHFGKEFTPEVQASWQKMVTGVASALSSRYH,NFTAEDKAAITSLWAKVNVEDAGGETLGRLLVVYPWTQRFFDSFGSLSSPSAIMGNPKVKAHGAKVLTSLGEAIKNLDDLKGTFGQLSELHCDKLHVDPENFRLLGNVLVTVLAVHHGKEFTPEVQASWQKMVAGVASALGSRYH,+FT EDKA ITSLW KVNVEDAGGETLGRLLVVYPWTQRFFDSFG+LSS SAIMGNPKVKAHG KVLTSLG+AIK+LDDLKGTF QLSELHCDKLHVDPENF+LLGNVLVTVLA+H GKEFTPEVQASWQKMV GVASAL SRYH,sequence_70,147
13,sp|Q9GJS7.3|,Q9GJS7,RecName: Full=Hemoglobin subunit gamma; AltName: Full=Gamma-globin; AltName: Full=Hemoglobin gamma chain [Callithrix jacchus],9483,Callithrix jacchus,14,147,1,270.781,691,6.58678e-94,130,137,3,147,3,147,145,0,HFTEEDKATITSLWGKVNVEDAGGETLGRLLVVYPWTQRFFDSFGNLSSASAIMGNPKVKAHGKKVLTSLGDAIKHLDDLKGTFAQLSELHCDKLHVDPENFKLLGNVLVTVLAIHFGKEFTPEVQASWQKMVTGVASALSSRYH,NFTAEDKAAITSLWAKVNVEDAGGETLGRLLVVYPWTQRFFDSFGSLSSPSAIMGNPKVKAHGVKVLTSLGEAIKNLDDLKGTFGQLSELHCDKLHVDPENFRLLGNVLVTVLAILYGKEFTPEVQASWQKMVAGVASALASRYH,+FT EDKA ITSLW KVNVEDAGGETLGRLLVVYPWTQRFFDSFG+LSS SAIMGNPKVKAHG KVLTSLG+AIK+LDDLKGTF QLSELHCDKLHVDPENF+LLGNVLVTVLAI +GKEFTPEVQASWQKMV GVASAL+SRYH,sequence_70,147
14,sp|P68068.2|,P68068,RecName: Full=Hemoglobin subunit gamma; AltName: Full=Gamma-globin; AltName: Full=Hemoglobin gamma chain [Ateles geoffroyi],9509,Ateles geoffroyi,15,147,1,270.011,689,1.21766e-93,131,137,3,147,3,147,145,0,HFTEEDKATITSLWGKVNVEDAGGETLGRLLVVYPWTQRFFDSFGNLSSASAIMGNPKVKAHGKKVLTSLGDAIKHLDDLKGTFAQLSELHCDKLHVDPENFKLLGNVLVTVLAIHFGKEFTPEVQASWQKMVTGVASALSSRYH,NFTAEDKAAITSLWGKVNVEDAGGETLGRLLVVYPWTQRFFDSFGSLSSPSAIMGNPKVKAHGVKVLTSLGEAIKNLDDLKGTFGQLSELHCDKLHVDPENFRLLGNVLVTVLAILHGKEFTPEVQASWQKMVAGVASALASRYH,+FT EDKA ITSLWGKVNVEDAGGETLGRLLVVYPWTQRFFDSFG+LSS SAIMGNPKVKAHG KVLTSLG+AIK+LDDLKGTF QLSELHCDKLHVDPENF+LLGNVLVTVLAI  GKEFTPEVQASWQKMV GVASAL+SRYH,sequence_70,147
15,sp|P68030.2|,P68030,RecName: Full=Hemoglobin subunit gamma; AltName: Full=Gamma-globin; AltName: Full=Hemoglobin gamma chain [Alouatta belzebul],30590,Alouatta belzebul,16,147,1,268.085,684,9.16868e-93,130,136,3,147,3,147,145,0,HFTEEDKATITSLWGKVNVEDAGGETLGRLLVVYPWTQRFFDSFGNLSSASAIMGNPKVKAHGKKVLTSLGDAIKHLDDLKGTFAQLSELHCDKLHVDPENFKLLGNVLVTVLAIHFGKEFTPEVQASWQKMVTGVASALSSRYH,NFTAEDKAAITSLWGKVNVEDAGGETLGRLLVVYPWTQRFFDSFGSLSSPSAIMGNPKVKAHGVKVLTSLGEAIKNLDDLKGTFGSLSELHCDKLHVDPENFRLLGNVLVTVLAILHGKEFTPEVQASWQKMVAGVASALASRYH,+FT EDKA ITSLWGKVNVEDAGGETLGRLLVVYPWTQRFFDSFG+LSS SAIMGNPKVKAHG KVLTSLG+AIK+LDDLKGTF  LSELHCDKLHVDPENF+LLGNVLVTVLAI  GKEFTPEVQASWQKMV GVASAL+SRYH,sequence_70,147
16,sp|Q27940.3|,Q27940,RecName: Full=Hemoglobin subunit gamma; AltName: Full=Gamma-globin; AltName: Full=Hemoglobin gamma chain [Aotus azarai],30591,Aotus azarai,17,147,1,267.314,682,1.34612e-92,129,135,3,147,3,147,145,0,HFTEEDKATITSLWGKVNVEDAGGETLGRLLVVYPWTQRFFDSFGNLSSASAIMGNPKVKAHGKKVLTSLGDAIKHLDDLKGTFAQLSELHCDKLHVDPENFKLLGNVLVTVLAIHFGKEFTPEVQASWQKMVTGVASALSSRYH,NFTAEDKAAITSLWAKVNVEDAGGETLGRLLVVYPWTQRFFDSFGSLSSPSAIMGNPKVKAHGAKVLTSLGEAIKNLDDLKGTFGQLSELHCDKLHVDPENFRLLGNVLVTVLAVLHGKEFTPEVQASWQKMVAGVASALGSRYH,+FT EDKA ITSLW KVNVEDAGGETLGRLLVVYPWTQRFFDSFG+LSS SAIMGNPKVKAHG KVLTSLG+AIK+LDDLKGTF QLSELHCDKLHVDPENF+LLGNVLVTVLA+  GKEFTPEVQASWQKMV GVASAL SRYH,sequence_70,147
17,sp|P56285.2|,P56285,RecName: Full=Hemoglobin subunit gamma; AltName: Full=Gamma-globin; AltName: Full=Hemoglobin gamma chain [Alouatta seniculus],9503,Alouatta seniculus,18,147,1,265.388,677,9.28354e-92,129,135,3,147,3,147,145,0,HFTEEDKATITSLWGKVNVEDAGGETLGRLLVVYPWTQRFFDSFGNLSSASAIMGNPKVKAHGKKVLTSLGDAIKHLDDLKGTFAQLSELHCDKLHVDPENFKLLGNVLVTVLAIHFGKEFTPEVQASWQKMVTGVASALSSRYH,NFTAEDKAAITSLWGKVNVEDAGGETLGRLLVVYPWTQRFFDSFGSLSSPSAIMGNPKVKAHGVKVLTSLGEAIKNLDDLKGTFGSLSELHCDKLHVDPENFRLPGNVLVTVLAILHGKEFTPEVQASWQKMVAGVASALASRYH,+FT EDKA ITSLWGKVNVEDAGGETLGRLLVVYPWTQRFFDSFG+LSS SAIMGNPKVKAHG KVLTSLG+AIK+LDDLKGTF  LSELHCDKLHVDPENF+L GNVLVTVLAI  GKEFTPEVQASWQKMV GVASAL+SRYH,sequence_70,147
18,sp|Q9GLX4.3|,Q9GLX4,RecName: Full=Hemoglobin subunit gamma-1; AltName: Full=Gamma-1-globin; AltName: Full=Hemoglobin gamma-1 chain [Plecturocebus moloch],9523,Plecturocebus moloch,19,147,1,265.003,676,1.42411e-91,130,135,3,147,3,147,145,0,HFTEEDKATITSLWGKVNVEDAGGETLGRLLVVYPWTQRFFDSFGNLSSASAIMGNPKVKAHGKKVLTSLGDAIKHLDDLKGTFAQLSELHCDKLHVDPENFKLLGNVLVTVLAIHFGKEFTPEVQASWQKMVTGVASALSSRYH,NFTAEDKAAITSLWGKVNVEDAGGETLGRLLVVYPWTQRFFDSFGSLSSPSAIMGNPKVKAHGVKVLTSLGEAIKNLDDLKGTFDQLSELHCDKLHVDPENFRLLGNVLVTVLAILHGKEFTPEVQASRQKMVAGVASALGSRYH,+FT EDKA ITSLWGKVNVEDAGGETLGRLLVVYPWTQRFFDSFG+LSS SAIMGNPKVKAHG KVLTSLG+AIK+LDDLKGTF QLSELHCDKLHVDPENF+LLGNVLVTVLAI  GKEFTPEVQAS QKMV GVASAL SRYH,sequence_70,147
19,sp|Q45XH3.3|,Q45XH3,RecName: Full=Hemoglobin subunit epsilon; AltName: Full=Epsilon-globin; AltName: Full=Hemoglobin epsilon chain [Bradypus tridactylus],9354,Bradypus tridactylus,20,147,1,264.618,675,1.67887e-91,122,136,3,147,3,147,145,0,HFTEEDKATITSLWGKVNVEDAGGETLGRLLVVYPWTQRFFDSFGNLSSASAIMGNPKVKAHGKKVLTSLGDAIKHLDDLKGTFAQLSELHCDKLHVDPENFKLLGNVLVTVLAIHFGKEFTPEVQASWQKMVTGVASALSSRYH,HFTAEEKATVASLWGKVNVEEAGGEVLGRLLVVYPWTQRFFDNFGNLSSSSAIMGNPKVKAHGKKVLTSFGDAVKHMDDLKGTFAHLSELHCDKLHVDPENFRLLGNVMVVVLASHFGKEFTPEVQAAWQKLVGGVANALAHKYH,HFT E+KAT+ SLWGKVNVE+AGGE LGRLLVVYPWTQRFFD+FGNLSS+SAIMGNPKVKAHGKKVLTS GDA+KH+DDLKGTFA LSELHCDKLHVDPENF+LLGNV+V VLA HFGKEFTPEVQA+WQK+V GVA+AL+ +YH,sequence_70,147
20,sp|Q45XH7.3|,Q45XH7,RecName: Full=Hemoglobin subunit gamma; AltName: Full=Gamma-globin; AltName: Full=Hemoglobin gamma chain [Elephas maximus],9783,Elephas maximus,21,147,1,264.233,674,2.81166e-91,122,137,3,147,3,147,145,0,HFTEEDKATITSLWGKVNVEDAGGETLGRLLVVYPWTQRFFDSFGNLSSASAIMGNPKVKAHGKKVLTSLGDAIKHLDDLKGTFAQLSELHCDKLHVDPENFKLLGNVLVTVLAIHFGKEFTPEVQASWQKMVTGVASALSSRYH,HFTAEEKAAITSLWGQVNVEETGGEALGRLLVVYPWTQRFFDTFGNLSSASAIMGNPRVKAHGKKVLTSFGDAVKNLDNLKGTFAKLSELHCDKLHVDPENFRLLGNVLVIVLANHFGKEFTPQVQAAWQKMVTGVANALAYKYH,HFT E+KA ITSLWG+VNVE+ GGE LGRLLVVYPWTQRFFD+FGNLSSASAIMGNP+VKAHGKKVLTS GDA+K+LD+LKGTFA+LSELHCDKLHVDPENF+LLGNVLV VLA HFGKEFTP+VQA+WQKMVTGVA+AL+ +YH,sequence_70,147
21,sp|Q45XH8.2|,Q45XH8,RecName: Full=Hemoglobin subunit gamma; AltName: Full=Gamma-globin; AltName: Full=Hemoglobin gamma chain [Loxodonta africana],9785,Loxodonta africana,22,147,1,262.307,669,1.41051e-90,121,136,3,147,3,147,145,0,HFTEEDKATITSLWGKVNVEDAGGETLGRLLVVYPWTQRFFDSFGNLSSASAIMGNPKVKAHGKKVLTSLGDAIKHLDDLKGTFAQLSELHCDKLHVDPENFKLLGNVLVTVLAIHFGKEFTPEVQASWQKMVTGVASALSSRYH,HFTAEEKAAIASLWGQVNVEETGGEALGRLLVVYPWTQRFFDTFGNLSSASAIMGNPRVKAHGKKVLTSFGDAVKNLDNLKGTFAKLSELHCDKLHVDPENFRLLGNVLVIVLANHFGKEFTPQVQAAWQKMVTGVANALAYKYH,HFT E+KA I SLWG+VNVE+ GGE LGRLLVVYPWTQRFFD+FGNLSSASAIMGNP+VKAHGKKVLTS GDA+K+LD+LKGTFA+LSELHCDKLHVDPENF+LLGNVLV VLA HFGKEFTP+VQA+WQKMVTGVA+AL+ +YH,sequence_70,147
22,sp|P08225.2|,P08225,RecName: Full=Hemoglobin subunit gamma; AltName: Full=Gamma-globin; AltName: Full=Hemoglobin gamma chain [Eulemur fulvus fulvus],40322,Eulemur fulvus fulvus,23,147,1,262.307,669,1.57407e-90,124,135,3,147,3,147,145,0,HFTEEDKATITSLWGKVNVEDAGGETLGRLLVVYPWTQRFFDSFGNLSSASAIMGNPKVKAHGKKVLTSLGDAIKHLDDLKGTFAQLSELHCDKLHVDPENFKLLGNVLVTVLAIHFGKEFTPEVQASWQKMVTGVASALSSRYH,HFTAEEKAVITSLWGKVNVEEAGGEALGRLLVVYPWTQRFFDNFGNLSSASAIMGNPKVKAHGKKVLTSLGDAIKNMDDLKGTFAHLSELHCDRLHVDPENFKLLGNELVIVLAKYFGKEFTPQVQAAWQKMVAGVAIALAHKYH,HFT E+KA ITSLWGKVNVE+AGGE LGRLLVVYPWTQRFFD+FGNLSSASAIMGNPKVKAHGKKVLTSLGDAIK++DDLKGTFA LSELHCD+LHVDPENFKLLGN LV VLA +FGKEFTP+VQA+WQKMV GVA AL+ +YH,sequence_70,147
23,sp|P08224.2|,P08224,RecName: Full=Hemoglobin subunit gamma; AltName: Full=Gamma-globin; AltName: Full=Hemoglobin gamma chain [Cheirogaleus medius],9460,Cheirogaleus medius,24,147,1,262.307,669,1.71847e-90,124,135,3,147,3,147,145,0,HFTEEDKATITSLWGKVNVEDAGGETLGRLLVVYPWTQRFFDSFGNLSSASAIMGNPKVKAHGKKVLTSLGDAIKHLDDLKGTFAQLSELHCDKLHVDPENFKLLGNVLVTVLAIHFGKEFTPEVQASWQKMVTGVASALSSRYH,HFTVEEKAVITSLWGKVNVEEAGGEALGRLLVVYPWTQRFFDNFGNLSSASAIMGNPKVKAHGKKVLTSLGEAIKNMDDLKGTFAHLSELHCDRLHVDPENFKLLGNELVIVLAKHFGKEFTPQVQAAWQKMVAGVAIALAHKYH,HFT E+KA ITSLWGKVNVE+AGGE LGRLLVVYPWTQRFFD+FGNLSSASAIMGNPKVKAHGKKVLTSLG+AIK++DDLKGTFA LSELHCD+LHVDPENFKLLGN LV VLA HFGKEFTP+VQA+WQKMV GVA AL+ +YH,sequence_70,147
24,sp|Q28356.3|,Q28356,RecName: Full=Hemoglobin subunit epsilon; AltName: Full=Epsilon-globin; AltName: Full=Hemoglobin epsilon chain [Daubentonia madagascariensis],31869,Daubentonia madagascariensis,25,147,1,261.536,667,2.94177e-90,119,137,3,147,3,147,145,0,HFTEEDKATITSLWGKVNVEDAGGETLGRLLVVYPWTQRFFDSFGNLSSASAIMGNPKVKAHGKKVLTSLGDAIKHLDDLKGTFAQLSELHCDKLHVDPENFKLLGNVLVTVLAIHFGKEFTPEVQASWQKMVTGVASALSSRYH,HFTAEEKATIMSLWGKVNVEEAGGEALGRLLVVYPWTQRFFDNFGNLSSASAIMGNPKVKAHGKKVLTSFGDAVKNMDNLKGAFAKLSELHCDKLHVDPENFRLLGNVMVIILATHFGKEFTPDVQAAWQKLVSGVATALAHKYH,HFT E+KATI SLWGKVNVE+AGGE LGRLLVVYPWTQRFFD+FGNLSSASAIMGNPKVKAHGKKVLTS GDA+K++D+LKG FA+LSELHCDKLHVDPENF+LLGNV+V +LA HFGKEFTP+VQA+WQK+V+GVA+AL+ +YH,sequence_70,147
25,sp|Q28338.3|,Q28338,RecName: Full=Hemoglobin subunit epsilon; AltName: Full=Epsilon-globin; AltName: Full=Hemoglobin epsilon chain [Cheirogaleus medius],9460,Cheirogaleus medius,26,147,1,260.766,665,6.48124e-90,119,137,3,147,3,147,145,0,HFTEEDKATITSLWGKVNVEDAGGETLGRLLVVYPWTQRFFDSFGNLSSASAIMGNPKVKAHGKKVLTSLGDAIKHLDDLKGTFAQLSELHCDKLHVDPENFKLLGNVLVTVLAIHFGKEFTPEVQASWQKMVTGVASALSSRYH,HFTAEEKSTILSLWGKVNVEEAGGEALGRLLVVYPWTQRFFDSFGNLSSASAIMGNPKVKAHGKKVLTSFGEAVKNMDNLKGAFAKLSELHCDKLHVDPENFKLLGNVMVIILATHFGKEFTPDVQAAWQKLVSGVATALAHKYH,HFT E+K+TI SLWGKVNVE+AGGE LGRLLVVYPWTQRFFDSFGNLSSASAIMGNPKVKAHGKKVLTS G+A+K++D+LKG FA+LSELHCDKLHVDPENFKLLGNV+V +LA HFGKEFTP+VQA+WQK+V+GVA+AL+ +YH,sequence_70,147
26,sp|P02102.2|,P02102,RecName: Full=Hemoglobin subunit epsilon-1; AltName: Full=Epsilon-1-globin; AltName: Full=Hemoglobin epsilon-1 chain; AltName: Full=Hemoglobin epsilon-I chain [Capra hircus],9925,Capra hircus,27,147,1,259.61,662,1.52507e-89,119,136,3,147,3,147,145,0,HFTEEDKATITSLWGKVNVEDAGGETLGRLLVVYPWTQRFFDSFGNLSSASAIMGNPKVKAHGKKVLTSLGDAIKHLDDLKGTFAQLSELHCDKLHVDPENFKLLGNVLVTVLAIHFGKEFTPEVQASWQKMVTGVASALSSRYH,HFTAEEKAAITGLWGKVNVEEAGGEALGRLLVVYPWTQRFFDSFGNLSSASAIMGNPKVKAHGKKVLTSFGEAIKNLDNLKGAFAKLSELHCDKLHVDPENFRLLGNVIVIILATHFGREFTPDVQAAWQKLVSGVATALAHKYH,HFT E+KA IT LWGKVNVE+AGGE LGRLLVVYPWTQRFFDSFGNLSSASAIMGNPKVKAHGKKVLTS G+AIK+LD+LKG FA+LSELHCDKLHVDPENF+LLGNV+V +LA HFG+EFTP+VQA+WQK+V+GVA+AL+ +YH,sequence_70,147
27,sp|Q28496.3|,Q28496,RecName: Full=Hemoglobin subunit epsilon; AltName: Full=Epsilon-globin; AltName: Full=Hemoglobin epsilon chain [Microcebus murinus],30608,Microcebus murinus,28,147,1,258.07,658,6.41845e-89,119,136,3,147,3,147,145,0,HFTEEDKATITSLWGKVNVEDAGGETLGRLLVVYPWTQRFFDSFGNLSSASAIMGNPKVKAHGKKVLTSLGDAIKHLDDLKGTFAQLSELHCDKLHVDPENFKLLGNVLVTVLAIHFGKEFTPEVQASWQKMVTGVASALSSRYH,HFTAEEKSTILSLWGKVNVEEAGGEALGRLLVVYPWTQRFFDSFGNLSSASAIMGNPKVKAHGKKVLTSFGEAVKNLDNLKPAFAKLSELHCDKLHVDPENFKLLGNVMVIILATHFGKEFTPDVQAAWQKLVSGVATALAHKYH,HFT E+K+TI SLWGKVNVE+AGGE LGRLLVVYPWTQRFFDSFGNLSSASAIMGNPKVKAHGKKVLTS G+A+K+LD+LK  FA+LSELHCDKLHVDPENFKLLGNV+V +LA HFGKEFTP+VQA+WQK+V+GVA+AL+ +YH,sequence_70,147
28,sp|P08223.2|,P08223,RecName: Full=Hemoglobin subunit epsilon; AltName: Full=Epsilon-globin; AltName: Full=Hemoglobin epsilon chain [Eulemur fulvus fulvus],40322,Eulemur fulvus fulvus,29,147,1,257.684,657,1.11083e-88,117,137,3,147,3,147,145,0,HFTEEDKATITSLWGKVNVEDAGGETLGRLLVVYPWTQRFFDSFGNLSSASAIMGNPKVKAHGKKVLTSLGDAIKHLDDLKGTFAQLSELHCDKLHVDPENFKLLGNVLVTVLAIHFGKEFTPEVQASWQKMVTGVASALSSRYH,HFTAEEKSTILSLWGKVNVEEAGGEALGRLLVVYPWTQRFFDNFGNLSSASAILGNPKVKAHGKKVLTSFGEAVKNMDNLKGAFAKLSELHCDKLHVDPENFKLLGNVMVIILATHFGKEFTPDVQAAWQKLVSGVATALAHKYH,HFT E+K+TI SLWGKVNVE+AGGE LGRLLVVYPWTQRFFD+FGNLSSASAI+GNPKVKAHGKKVLTS G+A+K++D+LKG FA+LSELHCDKLHVDPENFKLLGNV+V +LA HFGKEFTP+VQA+WQK+V+GVA+AL+ +YH,sequence_70,147
29,sp|P19759.2|,P19759,RecName: Full=Hemoglobin subunit epsilon; AltName: Full=Epsilon-globin; AltName: Full=Hemoglobin epsilon chain [Otolemur crassicaudatus],9463,Otolemur crassicaudatus,30,147,1,257.299,656,1.2533e-88,116,136,3,147,3,147,145,0,HFTEEDKATITSLWGKVNVEDAGGETLGRLLVVYPWTQRFFDSFGNLSSASAIMGNPKVKAHGKKVLTSLGDAIKHLDDLKGTFAQLSELHCDKLHVDPENFKLLGNVLVTVLAIHFGKEFTPEVQASWQKMVTGVASALSSRYH,HFTAEEKAIIMSLWGKVNIEEAGGEALGRLLVVYPWTQRFFETFGNLSSASAIMGNPKVKAHGKKVLTSFGEAVKNMDNLKGAFAKLSELHCDKLHVDPENFKLLGNVMVIILATHFGKEFTPDVQAAWQKLVSGVATALAHKYH,HFT E+KA I SLWGKVN+E+AGGE LGRLLVVYPWTQRFF++FGNLSSASAIMGNPKVKAHGKKVLTS G+A+K++D+LKG FA+LSELHCDKLHVDPENFKLLGNV+V +LA HFGKEFTP+VQA+WQK+V+GVA+AL+ +YH,sequence_70,147
30,sp|P19760.3|,P19760,RecName: Full=Hemoglobin subunit gamma; AltName: Full=Gamma-globin; AltName: Full=Hemoglobin gamma chain [Otolemur crassicaudatus],9463,Otolemur crassicaudatus,31,147,1,256.529,654,2.91678e-88,119,135,3,147,3,147,145,0,HFTEEDKATITSLWGKVNVEDAGGETLGRLLVVYPWTQRFFDSFGNLSSASAIMGNPKVKAHGKKVLTSLGDAIKHLDDLKGTFAQLSELHCDKLHVDPENFKLLGNVLVTVLAIHFGKEFTPEVQASWQKMVTGVASALSSRYH,HFTAEEKAIITSLWGKVNVEEDGGEALGRLLVVYPWTQRFFDTFGNLSSASAIMGNPKVKAHGKKVLSSLGEAIKNMDDLKGTFSHLSELHCDRLHVDPENFRLLGNVLVIVLAKHFGKEFTPQIQAACQKMVAGVATALAHKYH,HFT E+KA ITSLWGKVNVE+ GGE LGRLLVVYPWTQRFFD+FGNLSSASAIMGNPKVKAHGKKVL+SLG+AIK++DDLKGTF+ LSELHCD+LHVDPENF+LLGNVLV VLA HFGKEFTP++QA+ QKMV GVA+AL+ +YH,sequence_70,147
31,sp|Q95190.3|,Q95190,RecName: Full=Hemoglobin subunit epsilon; AltName: Full=Epsilon-globin; AltName: Full=Hemoglobin epsilon chain [Symphalangus syndactylus],9590,Symphalangus syndactylus,32,147,1,254.603,649,1.46298e-87,117,133,3,147,3,147,145,0,HFTEEDKATITSLWGKVNVEDAGGETLGRLLVVYPWTQRFFDSFGNLSSASAIMGNPKVKAHGKKVLTSLGDAIKHLDDLKGTFAQLSELHCDKLHVDPENFKLLGNVLVTVLAIHFGKEFTPEVQASWQKMVTGVASALSSRYH,HFTAEEKAAVTSLWNKMNVEEAGGEALGRLLVVYPWTQRFFDSFGNLSSPSAILGNPKVKAHGKKVLTSFGDAIKNMDNLKTTFAKLSELHCDKLHVDPENFKLLGNVMVIILATHFGKEFTPEVQAAWQKLVSAVAIALAHKYH,HFT E+KA +TSLW K+NVE+AGGE LGRLLVVYPWTQRFFDSFGNLSS SAI+GNPKVKAHGKKVLTS GDAIK++D+LK TFA+LSELHCDKLHVDPENFKLLGNV+V +LA HFGKEFTPEVQA+WQK+V+ VA AL+ +YH,sequence_70,147
32,sp|Q28931.3|,Q28931,RecName: Full=Hemoglobin subunit epsilon; AltName: Full=Epsilon-globin; AltName: Full=Hemoglobin embryonic beta chain; AltName: Full=Hemoglobin epsilon chain [Sminthopsis crassicaudata],9301,Sminthopsis crassicaudata,33,147,1,254.603,649,1.51192e-87,117,135,3,147,3,147,145,0,HFTEEDKATITSLWGKVNVEDAGGETLGRLLVVYPWTQRFFDSFGNLSSASAIMGNPKVKAHGKKVLTSLGDAIKHLDDLKGTFAQLSELHCDKLHVDPENFKLLGNVLVTVLAIHFGKEFTPEVQASWQKMVTGVASALSSRYH,HFTAEEKNAITTIWGKVNVEETGGEALGRLLVVYPWTQRFFDSFGNLSSASAILGNPKVKAHGKKVLTSFGDAVKNLDNLKGTFSKLSELHCDKLHVDPENFRLLGNVLVIVMAAHFNKEFTPEVQAAFQKLVTGVANALAHKYH,HFT E+K  IT++WGKVNVE+ GGE LGRLLVVYPWTQRFFDSFGNLSSASAI+GNPKVKAHGKKVLTS GDA+K+LD+LKGTF++LSELHCDKLHVDPENF+LLGNVLV V+A HF KEFTPEVQA++QK+VTGVA+AL+ +YH,sequence_70,147
33,sp|P51441.2|,P51441,RecName: Full=Hemoglobin subunit epsilon; AltName: Full=Epsilon-globin; AltName: Full=Hemoglobin epsilon chain [Leontopithecus rosalia],30588,Leontopithecus rosalia,34,147,1,254.603,649,1.54546e-87,117,134,3,147,3,147,145,0,HFTEEDKATITSLWGKVNVEDAGGETLGRLLVVYPWTQRFFDSFGNLSSASAIMGNPKVKAHGKKVLTSLGDAIKHLDDLKGTFAQLSELHCDKLHVDPENFKLLGNVLVTVLAIHFGKEFTPEVQASWQKMVTGVASALSSRYH,HFTAEEKAAITSLWGKMNVEEAGGESLGRLLVVYPWTQRFFDNFGNLSSPSAILGNPKVKAHGKKVLTSFGDAIKNMDNLKTTFAKLSELHCDKLHVDPENFRLLGNVMVIILATHFGKEFTPEVQAAWQKLVSAVAIALGHKYH,HFT E+KA ITSLWGK+NVE+AGGE+LGRLLVVYPWTQRFFD+FGNLSS SAI+GNPKVKAHGKKVLTS GDAIK++D+LK TFA+LSELHCDKLHVDPENF+LLGNV+V +LA HFGKEFTPEVQA+WQK+V+ VA AL  +YH,sequence_70,147
34,sp|P18994.2|,P18994,RecName: Full=Hemoglobin subunit epsilon; AltName: Full=Epsilon-globin; AltName: Full=Hemoglobin epsilon chain [Pongo pygmaeus],9600,Pongo pygmaeus,35,147,1,254.603,649,1.57974e-87,117,133,3,147,3,147,145,0,HFTEEDKATITSLWGKVNVEDAGGETLGRLLVVYPWTQRFFDSFGNLSSASAIMGNPKVKAHGKKVLTSLGDAIKHLDDLKGTFAQLSELHCDKLHVDPENFKLLGNVLVTVLAIHFGKEFTPEVQASWQKMVTGVASALSSRYH,HFTAEEKAAVTSLWSKMNVEEAGGEALGRLLVVYPWTQRFFDSFGNLSSPSAILGNPKVKAHGKKVLTSFGDAIKNMDNLKTTFAKLSELHCDKLHVDPENFKLLGNVMVIILATHFGKEFTPEVQAAWQKLVSAVAIALAHKYH,HFT E+KA +TSLW K+NVE+AGGE LGRLLVVYPWTQRFFDSFGNLSS SAI+GNPKVKAHGKKVLTS GDAIK++D+LK TFA+LSELHCDKLHVDPENFKLLGNV+V +LA HFGKEFTPEVQA+WQK+V+ VA AL+ +YH,sequence_70,147
35,sp|P68026.2|,P68026,RecName: Full=Hemoglobin subunit epsilon; AltName: Full=Epsilon-globin; AltName: Full=Hemoglobin epsilon chain [Callithrix jacchus],9483,Callithrix jacchus,36,147,1,254.603,649,1.61478e-87,118,133,3,147,3,147,145,0,HFTEEDKATITSLWGKVNVEDAGGETLGRLLVVYPWTQRFFDSFGNLSSASAIMGNPKVKAHGKKVLTSLGDAIKHLDDLKGTFAQLSELHCDKLHVDPENFKLLGNVLVTVLAIHFGKEFTPEVQASWQKMVTGVASALSSRYH,HFTAEEKAAITSLWGKMNVEEAGGEALGRLLVVYPWTQRFFDNFGNLSSPSAILGNPKVKAHGKKVLTSFGDAIKNMDNLKTTFAKLSELHCDKLHVDPENFRLLGNVLVIILATHFGKEFTPEVQAAWQKLVSAVAIALGHKYH,HFT E+KA ITSLWGK+NVE+AGGE LGRLLVVYPWTQRFFD+FGNLSS SAI+GNPKVKAHGKKVLTS GDAIK++D+LK TFA+LSELHCDKLHVDPENF+LLGNVLV +LA HFGKEFTPEVQA+WQK+V+ VA AL  +YH,sequence_70,147
36,sp|Q95238.3|,Q95238,RecName: Full=Hemoglobin subunit epsilon; AltName: Full=Epsilon-globin; AltName: Full=Hemoglobin epsilon chain [Propithecus verreauxi],34825,Propithecus verreauxi,37,147,1,254.218,648,2.47693e-87,115,135,3,147,3,147,145,0,HFTEEDKATITSLWGKVNVEDAGGETLGRLLVVYPWTQRFFDSFGNLSSASAIMGNPKVKAHGKKVLTSLGDAIKHLDDLKGTFAQLSELHCDKLHVDPENFKLLGNVLVTVLAIHFGKEFTPEVQASWQKMVTGVASALSSRYH,HFTAEEKSTILSVWGKVNVEEAGGEALGRLLVVYPWTQRFFDNFGNLSSPSAIMGNPKVKAHGKKVLTSFGEAVKNMDNLKGAFAKLSELHCDKLHVDPENFKLLGNAMVIILATHFGKEFTPDVQAAWQKLVSGVATALAHKYH,HFT E+K+TI S+WGKVNVE+AGGE LGRLLVVYPWTQRFFD+FGNLSS SAIMGNPKVKAHGKKVLTS G+A+K++D+LKG FA+LSELHCDKLHVDPENFKLLGN +V +LA HFGKEFTP+VQA+WQK+V+GVA+AL+ +YH,sequence_70,147
37,sp|P68016.2|,P68016,RecName: Full=Hemoglobin subunit epsilon; AltName: Full=Epsilon-globin; AltName: Full=Hemoglobin epsilon chain [Aotus azarai],30591,Aotus azarai,38,147,1,254.218,648,2.61658e-87,117,133,3,147,3,147,145,0,HFTEEDKATITSLWGKVNVEDAGGETLGRLLVVYPWTQRFFDSFGNLSSASAIMGNPKVKAHGKKVLTSLGDAIKHLDDLKGTFAQLSELHCDKLHVDPENFKLLGNVLVTVLAIHFGKEFTPEVQASWQKMVTGVASALSSRYH,HFTAEEKAAITSLWGKMNVEEAGGEALGRLLVVYPWTQRFFDNFGNLSSPSAILGNPKVKAHGKKVLTSFGDAIKNMDNLKTTFAKLSELHCDKLHVDPENFRLLGNVMVIILATHFGKEFTPEVQAAWQKLVSAVAIALGHKYH,HFT E+KA ITSLWGK+NVE+AGGE LGRLLVVYPWTQRFFD+FGNLSS SAI+GNPKVKAHGKKVLTS GDAIK++D+LK TFA+LSELHCDKLHVDPENF+LLGNV+V +LA HFGKEFTPEVQA+WQK+V+ VA AL  +YH,sequence_70,147
38,sp|P02100.2|,P02100,RecName: Full=Hemoglobin subunit epsilon; AltName: Full=Epsilon-globin; AltName: Full=Hemoglobin epsilon chain [Homo sapiens],9606,Homo sapiens,39,147,1,253.062,645,6.72108e-87,116,132,3,147,3,147,145,0,HFTEEDKATITSLWGKVNVEDAGGETLGRLLVVYPWTQRFFDSFGNLSSASAIMGNPKVKAHGKKVLTSLGDAIKHLDDLKGTFAQLSELHCDKLHVDPENFKLLGNVLVTVLAIHFGKEFTPEVQASWQKMVTGVASALSSRYH,HFTAEEKAAVTSLWSKMNVEEAGGEALGRLLVVYPWTQRFFDSFGNLSSPSAILGNPKVKAHGKKVLTSFGDAIKNMDNLKPAFAKLSELHCDKLHVDPENFKLLGNVMVIILATHFGKEFTPEVQAAWQKLVSAVAIALAHKYH,HFT E+KA +TSLW K+NVE+AGGE LGRLLVVYPWTQRFFDSFGNLSS SAI+GNPKVKAHGKKVLTS GDAIK++D+LK  FA+LSELHCDKLHVDPENFKLLGNV+V +LA HFGKEFTPEVQA+WQK+V+ VA AL+ +YH,sequence_70,147
39,sp|Q28775.3|,Q28775,RecName: Full=Hemoglobin subunit epsilon; AltName: Full=Epsilon-globin; AltName: Full=Hemoglobin epsilon chain [Pan paniscus],9597,Pan paniscus,40,147,1,252.677,644,1.10108e-86,115,132,3,147,3,147,145,0,HFTEEDKATITSLWGKVNVEDAGGETLGRLLVVYPWTQRFFDSFGNLSSASAIMGNPKVKAHGKKVLTSLGDAIKHLDDLKGTFAQLSELHCDKLHVDPENFKLLGNVLVTVLAIHFGKEFTPEVQASWQKMVTGVASALSSRYH,HFTAEEKAAVTSLWSKMNVEEAGGEALGRLLIVYPWTQRFFDSFGNLSSPSAILGNPKVKAHGKKVLTSFGDAIKNMDNLKPAFAKLSELHCDKLHVDPENFKLLGNVMVIILATHFGKEFTPEVQAAWQKLVSAVAIALAHKYH,HFT E+KA +TSLW K+NVE+AGGE LGRLL+VYPWTQRFFDSFGNLSS SAI+GNPKVKAHGKKVLTS GDAIK++D+LK  FA+LSELHCDKLHVDPENFKLLGNV+V +LA HFGKEFTPEVQA+WQK+V+ VA AL+ +YH,sequence_70,147
40,sp|P04246.1|,P04246,RecName: Full=Hemoglobin subunit theta; AltName: Full=Hemoglobin theta chain; AltName: Full=Theta-globin [Sus scrofa],9823,Sus scrofa,41,146,1,252.292,643,1.26884e-86,114,133,3,147,2,146,145,0,HFTEEDKATITSLWGKVNVEDAGGETLGRLLVVYPWTQRFFDSFGNLSSASAIMGNPKVKAHGKKVLTSLGDAIKHLDDLKGTFAQLSELHCDKLHVDPENFKLLGNVLVTVLAIHFGKEFTPEVQASWQKMVTGVASALSSRYH,HFTAEEKSVITGLWGKVNVEETGGEAVGRLLVVYPWTQRFFDSFGNMSSPSAIMGNPKVKAHGKKVLTSFGDAVKNMDNLKGTFAKLSELHCDKLHVDPENFRLLGNMIVIILASHFGGEFTPEVQAAWQKLVAGVATALAHKYH,HFT E+K+ IT LWGKVNVE+ GGE +GRLLVVYPWTQRFFDSFGN+SS SAIMGNPKVKAHGKKVLTS GDA+K++D+LKGTFA+LSELHCDKLHVDPENF+LLGN++V +LA HFG EFTPEVQA+WQK+V GVA+AL+ +YH,sequence_70,147
41,sp|Q28507.3|,Q28507,RecName: Full=Hemoglobin subunit epsilon; AltName: Full=Epsilon-globin; AltName: Full=Hemoglobin epsilon chain [Macaca mulatta],9544,Macaca mulatta,42,147,1,252.292,643,1.54703e-86,116,132,3,147,3,147,145,0,HFTEEDKATITSLWGKVNVEDAGGETLGRLLVVYPWTQRFFDSFGNLSSASAIMGNPKVKAHGKKVLTSLGDAIKHLDDLKGTFAQLSELHCDKLHVDPENFKLLGNVLVTVLAIHFGKEFTPEVQASWQKMVTGVASALSSRYH,HFTAEEKAAVTSLWSKMNVEETGGEALGRLLVVYPWTQRFFDSFGNLSSPSAILGNPKVKAHGKKVLTSFGDAIKNMDNLKITFAKLSELHCDKLHVDPENFKLLGNVMVIILATHFGKEFTPEVQAAWQKLVSAVAIALAHKYH,HFT E+KA +TSLW K+NVE+ GGE LGRLLVVYPWTQRFFDSFGNLSS SAI+GNPKVKAHGKKVLTS GDAIK++D+LK TFA+LSELHCDKLHVDPENFKLLGNV+V +LA HFGKEFTPEVQA+WQK+V+ VA AL+ +YH,sequence_70,147
42,sp|P51438.2|,P51438,RecName: Full=Hemoglobin subunit epsilon; AltName: Full=Epsilon-globin; AltName: Full=Hemoglobin epsilon chain [Ateles belzebuth],9507,Ateles belzebuth,43,147,1,252.292,643,1.56409e-86,116,132,3,147,3,147,145,0,HFTEEDKATITSLWGKVNVEDAGGETLGRLLVVYPWTQRFFDSFGNLSSASAIMGNPKVKAHGKKVLTSLGDAIKHLDDLKGTFAQLSELHCDKLHVDPENFKLLGNVLVTVLAIHFGKEFTPEVQASWQKMVTGVASALSSRYH,HLTAEEKAAITSLWGKMNVEEAGGEALGRLLVVYPWTQRFFDNFGNLSSPSAILGNPKVKAHGKKVLTSFGDAIKNMDNLKTTFAKLSELHCDKLHVDPENFRLLGNVMVIILATHFGKEFTPEVQAAWQKLVSAVAIALGHKYH,H T E+KA ITSLWGK+NVE+AGGE LGRLLVVYPWTQRFFD+FGNLSS SAI+GNPKVKAHGKKVLTS GDAIK++D+LK TFA+LSELHCDKLHVDPENF+LLGNV+V +LA HFGKEFTPEVQA+WQK+V+ VA AL  +YH,sequence_70,147
43,sp|Q45XH5.3|,Q45XH5,RecName: Full=Hemoglobin subunit gamma; AltName: Full=Gamma-globin; AltName: Full=Hemoglobin gamma chain [Dugong dugon],29137,Dugong dugon,44,147,1,252.292,643,1.58134e-86,116,134,3,147,3,147,145,0,HFTEEDKATITSLWGKVNVEDAGGETLGRLLVVYPWTQRFFDSFGNLSSASAIMGNPKVKAHGKKVLTSLGDAIKHLDDLKGTFAQLSELHCDKLHVDPENFKLLGNVLVTVLAIHFGKEFTPEVQASWQKMVTGVASALSSRYH,YFTAEEKAAITSLWGKVNVEEAGGKALGRLLIVYPWTQRFFDKFGNLSSASAIMGNPKIKAHGKKVLNSFGDAVENPDNLKGTFAKLSELHCDKLLVDPEDFRLLGNVIVIVLANHFGKEFTPQVQAAWQKMVTGVASALARKYH,+FT E+KA ITSLWGKVNVE+AGG+ LGRLL+VYPWTQRFFD FGNLSSASAIMGNPK+KAHGKKVL S GDA+++ D+LKGTFA+LSELHCDKL VDPE+F+LLGNV+V VLA HFGKEFTP+VQA+WQKMVTGVASAL+ +YH,sequence_70,147
44,sp|P51443.2|,P51443,RecName: Full=Hemoglobin subunit epsilon; AltName: Full=Epsilon-globin; AltName: Full=Hemoglobin epsilon chain [Saguinus midas],30586,Saguinus midas,45,147,1,252.292,643,1.59879e-86,117,132,3,147,3,147,145,0,HFTEEDKATITSLWGKVNVEDAGGETLGRLLVVYPWTQRFFDSFGNLSSASAIMGNPKVKAHGKKVLTSLGDAIKHLDDLKGTFAQLSELHCDKLHVDPENFKLLGNVLVTVLAIHFGKEFTPEVQASWQKMVTGVASALSSRYH,HFTAEEKAAITSLWGKMNVEEAGGEALGRLLVVYPWTQRFFDNFGNLSFPSAILGNPKVKAHGKKVLTSFGDAIKNMDNLKTTFAKLSELHCDKLHVDPENFRLLGNVLVIILATHFGKEFTPEVQAAWQKLVSAVAIALGHKYH,HFT E+KA ITSLWGK+NVE+AGGE LGRLLVVYPWTQRFFD+FGNLS  SAI+GNPKVKAHGKKVLTS GDAIK++D+LK TFA+LSELHCDKLHVDPENF+LLGNVLV +LA HFGKEFTPEVQA+WQK+V+ VA AL  +YH,sequence_70,147
45,sp|P18435.2|,P18435,RecName: Full=Hemoglobin subunit epsilon; AltName: Full=Epsilon-globin; AltName: Full=Hemoglobin epsilon chain [Carlito syrichta],1868482,Carlito syrichta,46,147,1,252.292,643,1.65227e-86,113,135,3,147,3,147,145,0,HFTEEDKATITSLWGKVNVEDAGGETLGRLLVVYPWTQRFFDSFGNLSSASAIMGNPKVKAHGKKVLTSLGDAIKHLDDLKGTFAQLSELHCDKLHVDPENFKLLGNVLVTVLAIHFGKEFTPEVQASWQKMVTGVASALSSRYH,HLTAEEKSSVTSLWGKMNVDEAGGEALGRLLVVYPWTQRFFDNFGNLSSSSAIMGNPKVKAHGKKVLTSFGDAIKNMDNLKGAFAKLSELHCDKLHVDPENFRLLGNVLVIILVTHFGKDFTPEVQVAWQKLVSGVATALAHKYH,H T E+K+++TSLWGK+NV++AGGE LGRLLVVYPWTQRFFD+FGNLSS+SAIMGNPKVKAHGKKVLTS GDAIK++D+LKG FA+LSELHCDKLHVDPENF+LLGNVLV +L  HFGK+FTPEVQ +WQK+V+GVA+AL+ +YH,sequence_70,147
46,sp|P68028.2|,P68028,RecName: Full=Hemoglobin subunit epsilon; AltName: Full=Epsilon-globin; AltName: Full=Hemoglobin epsilon chain [Saimiri sciureus],9521,Saimiri sciureus,47,147,1,251.906,642,1.72638e-86,116,132,3,147,3,147,145,0,HFTEEDKATITSLWGKVNVEDAGGETLGRLLVVYPWTQRFFDSFGNLSSASAIMGNPKVKAHGKKVLTSLGDAIKHLDDLKGTFAQLSELHCDKLHVDPENFKLLGNVLVTVLAIHFGKEFTPEVQASWQKMVTGVASALSSRYH,HFTAEEKAAITSLWSKMNVEEAGGEALGRLLVVYPWTQRFFDNFGNLSSPSAILGNPKVKAHGKKVLTSFGDAIKNMDNLKTTFAKLSELHCDKLHVDPENFRLLGNVMVIILATHFGKEFTPEVQAAWQKLVSAVAIALGHKYH,HFT E+KA ITSLW K+NVE+AGGE LGRLLVVYPWTQRFFD+FGNLSS SAI+GNPKVKAHGKKVLTS GDAIK++D+LK TFA+LSELHCDKLHVDPENF+LLGNV+V +LA HFGKEFTPEVQA+WQK+V+ VA AL  +YH,sequence_70,147
47,sp|P11025.2|,P11025,RecName: Full=Hemoglobin subunit epsilon-M; AltName: Full=Epsilon-M-globin; AltName: Full=Hemoglobin epsilon-M chain [Didelphis virginiana],9267,Didelphis virginiana,48,147,1,251.521,641,2.50674e-86,116,132,3,147,3,147,145,0,HFTEEDKATITSLWGKVNVEDAGGETLGRLLVVYPWTQRFFDSFGNLSSASAIMGNPKVKAHGKKVLTSLGDAIKHLDDLKGTFAQLSELHCDKLHVDPENFKLLGNVLVTVLAIHFGKEFTPEVQASWQKMVTGVASALSSRYH,HFTPEDKTNITSVWTKVDVEDVGGESLARLLVVYPWTQRFFDSFGNLSSASAVMGNPKVKAHGKKVLTSFGEGVKNMDNLKGTFAKLSELHCDKLHVDPENFRLLGNVLIIVLASRFGKEFTPEVQASWQKLVSGVSSALGHKYH,HFT EDK  ITS+W KV+VED GGE+L RLLVVYPWTQRFFDSFGNLSSASA+MGNPKVKAHGKKVLTS G+ +K++D+LKGTFA+LSELHCDKLHVDPENF+LLGNVL+ VLA  FGKEFTPEVQASWQK+V+GV+SAL  +YH,sequence_70,147
48,sp|P51440.2|,P51440,RecName: Full=Hemoglobin subunit epsilon; AltName: Full=Epsilon-globin; AltName: Full=Hemoglobin epsilon chain [Lagothrix lagotricha],9519,Lagothrix lagotricha,49,147,1,251.521,641,3.05393e-86,116,132,3,147,3,147,145,0,HFTEEDKATITSLWGKVNVEDAGGETLGRLLVVYPWTQRFFDSFGNLSSASAIMGNPKVKAHGKKVLTSLGDAIKHLDDLKGTFAQLSELHCDKLHVDPENFKLLGNVLVTVLAIHFGKEFTPEVQASWQKMVTGVASALSSRYH,HFTAEEKAAITSLWGKMNVEEAGGEALGRLLVVYPWTQRFFDNFGNLSSPSAILGNPKVKAHGKKVLTSFEDAIKNMDNLKTTFAKLSELHCDKLHVDPENFRLLGNVMVIILATHFGKEFTPEVQAAWQKLVSAVAIALGHKYH,HFT E+KA ITSLWGK+NVE+AGGE LGRLLVVYPWTQRFFD+FGNLSS SAI+GNPKVKAHGKKVLTS  DAIK++D+LK TFA+LSELHCDKLHVDPENF+LLGNV+V +LA HFGKEFTPEVQA+WQK+V+ VA AL  +YH,sequence_70,147
49,sp|Q29415.3|,Q29415,RecName: Full=Hemoglobin subunit epsilon; AltName: Full=Epsilon-globin; AltName: Full=Hemoglobin epsilon chain [Cebus olivaceus],37295,Cebus olivaceus,50,147,1,250.366,638,7.42552e-86,115,131,3,147,3,147,145,0,HFTEEDKATITSLWGKVNVEDAGGETLGRLLVVYPWTQRFFDSFGNLSSASAIMGNPKVKAHGKKVLTSLGDAIKHLDDLKGTFAQLSELHCDKLHVDPENFKLLGNVLVTVLAIHFGKEFTPEVQASWQKMVTGVASALSSRYH,HFTAEEKVAITSLWSKMNVEEAGGEALGRLLVVYPWTQRFFDNFGNLSSPSAILGNPKVKAHGKKVLTSFGDAIKNMDNLKTTFAKLSELHCDKLHVDPENFRLLGNVMVIILATHFGKEFTPEVQAAWQKLVSAVAIALGHKYH,HFT E+K  ITSLW K+NVE+AGGE LGRLLVVYPWTQRFFD+FGNLSS SAI+GNPKVKAHGKKVLTS GDAIK++D+LK TFA+LSELHCDKLHVDPENF+LLGNV+V +LA HFGKEFTPEVQA+WQK+V+ VA AL  +YH,sequence_70,147
50,sp|P51442.2|,P51442,RecName: Full=Hemoglobin subunit epsilon; AltName: Full=Epsilon-globin; AltName: Full=Hemoglobin epsilon chain [Pithecia irrorata],30598,Pithecia irrorata,51,147,1,250.366,638,9.24702e-86,116,132,3,147,3,147,145,0,HFTEEDKATITSLWGKVNVEDAGGETLGRLLVVYPWTQRFFDSFGNLSSASAIMGNPKVKAHGKKVLTSLGDAIKHLDDLKGTFAQLSELHCDKLHVDPENFKLLGNVLVTVLAIHFGKEFTPEVQASWQKMVTGVASALSSRYH,HFTAEEKAAITSLWGKMNVEEAGGEALGRLLVVYPWTQRFFDNFGNLSSPSAILGNLKVKAHGKKVLTSFGDAIKNMDNLKTTFAKLSELHCDKLHVDPENFRLLGNVMVIILATHFGKEFTPEVQAAWQKLVSAVAIALGHKYH,HFT E+KA ITSLWGK+NVE+AGGE LGRLLVVYPWTQRFFD+FGNLSS SAI+GN KVKAHGKKVLTS GDAIK++D+LK TFA+LSELHCDKLHVDPENF+LLGNV+V +LA HFGKEFTPEVQA+WQK+V+ VA AL  +YH,sequence_70,147
51,sp|P02101.3|,P02101,RecName: Full=Hemoglobin subunit epsilon; AltName: Full=Epsilon-globin; AltName: Full=Hemoglobin epsilon chain [Sus scrofa],9823,Sus scrofa,52,147,1,249.98,637,9.985e-86,112,133,3,147,3,147,145,0,HFTEEDKATITSLWGKVNVEDAGGETLGRLLVVYPWTQRFFDSFGNLSSASAIMGNPKVKAHGKKVLTSLGDAIKHLDDLKGTFAQLSELHCDKLHVDPENFKLLGNVLVTVLAIHFGKEFTPEVQASWQKMVTGVASALSSRYH,HFTAEEKSVITGLWGKVNVEETGGQAVGRLLVVYPWTQRFFDSFGNMSSPSAIMGNPKVKAHGKKVLTAFGDAVKNMDNLKGTFAKLSELHCDKLHVDPENFRLLGNMIVIILASHFGGEFTPEVQAAWQKLVAGVATALAHKYH,HFT E+K+ IT LWGKVNVE+ GG+ +GRLLVVYPWTQRFFDSFGN+SS SAIMGNPKVKAHGKKVLT+ GDA+K++D+LKGTFA+LSELHCDKLHVDPENF+LLGN++V +LA HFG EFTPEVQA+WQK+V GVA+AL+ +YH,sequence_70,147
52,sp|P02103.2|,P02103,RecName: Full=Hemoglobin subunit epsilon; AltName: Full=Beta-4 globin; AltName: Full=Epsilon-globin; AltName: Full=Hemoglobin epsilon chain [Oryctolagus cuniculus],9986,Oryctolagus cuniculus,53,147,1,249.595,636,1.92828e-85,114,132,3,147,3,147,145,0,HFTEEDKATITSLWGKVNVEDAGGETLGRLLVVYPWTQRFFDSFGNLSSASAIMGNPKVKAHGKKVLTSLGDAIKHLDDLKGTFAQLSELHCDKLHVDPENFKLLGNVLVTVLAIHFGKEFTPEVQASWQKMVTGVASALSSRYH,HFTPEEKCIISKQWGQVNIDETGGEALGRLLVVYPWTQRFFDNFGNLSSSSAIMGNPKVKAHGKKVLTSFGDAIKNMDNLKGAFAKLSELHCDKLHVDPENFKLLGNVLLIVLATHFGKEFTPEVQAAWQKLVSGVAIALAHKYH,HFT E+K  I+  WG+VN+++ GGE LGRLLVVYPWTQRFFD+FGNLSS+SAIMGNPKVKAHGKKVLTS GDAIK++D+LKG FA+LSELHCDKLHVDPENFKLLGNVL+ VLA HFGKEFTPEVQA+WQK+V+GVA AL+ +YH,sequence_70,147
53,sp|Q28220.3|,Q28220,RecName: Full=Hemoglobin subunit epsilon; AltName: Full=Epsilon-globin; AltName: Full=Hemoglobin epsilon chain [Cebus albifrons],9514,Cebus albifrons,54,147,1,248.825,634,2.99031e-85,114,131,3,147,3,147,145,0,HFTEEDKATITSLWGKVNVEDAGGETLGRLLVVYPWTQRFFDSFGNLSSASAIMGNPKVKAHGKKVLTSLGDAIKHLDDLKGTFAQLSELHCDKLHVDPENFKLLGNVLVTVLAIHFGKEFTPEVQASWQKMVTGVASALSSRYH,HFTADEKVAITSLWSKMNVEEAGGEALGRLLVVYPWTQRFFDNFGNLSSPSAILGNPKVKAHGKKVLTSFGDAIKNMDNLKTTFAKLSELHCDKLHVDPENFRLLGNVMVIILATHFGKEFTPEVQAAWQKLVSAVAIALGHKYH,HFT ++K  ITSLW K+NVE+AGGE LGRLLVVYPWTQRFFD+FGNLSS SAI+GNPKVKAHGKKVLTS GDAIK++D+LK TFA+LSELHCDKLHVDPENF+LLGNV+V +LA HFGKEFTPEVQA+WQK+V+ VA AL  +YH,sequence_70,147
54,sp|P02099.2|,P02099,RecName: Full=Hemoglobin subunit gamma; AltName: Full=Gamma-globin; AltName: Full=Hemoglobin beta-3; AltName: Full=Hemoglobin gamma chain [Oryctolagus cuniculus],9986,Oryctolagus cuniculus,55,147,1,248.054,632,6.73323e-85,115,131,3,147,3,147,145,0,HFTEEDKATITSLWGKVNVEDAGGETLGRLLVVYPWTQRFFDSFGNLSSASAIMGNPKVKAHGKKVLTSLGDAIKHLDDLKGTFAQLSELHCDKLHVDPENFKLLGNVLVTVLAIHFGKEFTPEVQASWQKMVTGVASALSSRYH,HFTAEEKAAITSTWKLVDVEDAGAEALGRLLVVYPWTQRFFDSFGNLSSSSAIMGNPKVKAHGKKVLTAFGDAVKNVDDLKNTFAHLSELHCDRLHVDPENFKLLGNVLVIVLAKYFGKEFTPQVQSAWQKLVAGVATALAHKYH,HFT E+KA ITS W  V+VEDAG E LGRLLVVYPWTQRFFDSFGNLSS+SAIMGNPKVKAHGKKVLT+ GDA+K++DDLK TFA LSELHCD+LHVDPENFKLLGNVLV VLA +FGKEFTP+VQ++WQK+V GVA+AL+ +YH,sequence_70,147
55,sp|Q45XH6.3|,Q45XH6,RecName: Full=Hemoglobin subunit gamma; AltName: Full=Gamma-globin; AltName: Full=Hemoglobin gamma chain [Trichechus manatus],9778,Trichechus manatus,56,147,1,247.669,631,9.88434e-85,115,131,4,147,4,147,144,0,FTEEDKATITSLWGKVNVEDAGGETLGRLLVVYPWTQRFFDSFGNLSSASAIMGNPKVKAHGKKVLTSLGDAIKHLDDLKGTFAQLSELHCDKLHVDPENFKLLGNVLVTVLAIHFGKEFTPEVQASWQKMVTGVASALSSRYH,FTAEEKAAITRLWGKMNVEEAGGKALGRLLIVYPWTQRFFDNFGNLSSASAIMGNPKVKAHGKKVLNSFGDAVKNPDNLKGTFAKLSELHCDKLLVDSENFRLLGNVLVIVLANHFGKEFTPQVQAAWQKMATGVASAVARKYH,FT E+KA IT LWGK+NVE+AGG+ LGRLL+VYPWTQRFFD+FGNLSSASAIMGNPKVKAHGKKVL S GDA+K+ D+LKGTFA+LSELHCDKL VD ENF+LLGNVLV VLA HFGKEFTP+VQA+WQKM TGVASA++ +YH,sequence_70,147
56,sp|O77655.3|,O77655,RecName: Full=Hemoglobin subunit gamma; AltName: Full=Gamma-globin; AltName: Full=Hemoglobin gamma chain [Cephalopachus bancanus],9477,Cephalopachus bancanus,57,147,1,246.899,629,1.72936e-84,113,130,3,147,3,147,145,0,HFTEEDKATITSLWGKVNVEDAGGETLGRLLVVYPWTQRFFDSFGNLSSASAIMGNPKVKAHGKKVLTSLGDAIKHLDDLKGTFAQLSELHCDKLHVDPENFKLLGNVLVTVLAIHFGKEFTPEVQASWQKMVTGVASALSSRYH,HFTAEEKAIITSLWAKVNVEETGGEALGRLLVVYPWTQRFFDNFGNLSSASAIMGNPKVKAHGKKVLSSLGEAVTHMDDLKDAFAHLSELHCDRLHVDPENFRLLGNVLVIVLAHHFGREFTPQVQAAWKKLMSAVAIALGHKYH,HFT E+KA ITSLW KVNVE+ GGE LGRLLVVYPWTQRFFD+FGNLSSASAIMGNPKVKAHGKKVL+SLG+A+ H+DDLK  FA LSELHCD+LHVDPENF+LLGNVLV VLA HFG+EFTP+VQA+W+K+++ VA AL  +YH,sequence_70,147
57,sp|O13071.3|,O13071,RecName: Full=Hemoglobin subunit epsilon; AltName: Full=Epsilon-globin; AltName: Full=Hemoglobin epsilon chain [Callithrix geoffroyi],52231,Callithrix geoffroyi,58,142,1,245.358,625,7.83137e-84,115,129,3,142,3,142,140,0,HFTEEDKATITSLWGKVNVEDAGGETLGRLLVVYPWTQRFFDSFGNLSSASAIMGNPKVKAHGKKVLTSLGDAIKHLDDLKGTFAQLSELHCDKLHVDPENFKLLGNVLVTVLAIHFGKEFTPEVQASWQKMVTGVASAL,HFTAEEKAAITSLWGKMNVEEAGGEALGRLLVVYPWTQRFFDNFGNLSSPSAILGNPKVKAHGKKVLTSFGDAIKNMDNLKTTFAKLSELHCDKLHVDPENFRLLGNVLVIILATHFGKEFTPEVQAASQKLVSAVAIAL,HFT E+KA ITSLWGK+NVE+AGGE LGRLLVVYPWTQRFFD+FGNLSS SAI+GNPKVKAHGKKVLTS GDAIK++D+LK TFA+LSELHCDKLHVDPENF+LLGNVLV +LA HFGKEFTPEVQA+ QK+V+ VA AL,sequence_70,147
58,sp|P24660.1|,P24660,RecName: Full=Hemoglobin subunit beta; AltName: Full=Beta-globin; AltName: Full=Hemoglobin beta chain [Macroderma gigas],9411,Macroderma gigas,59,146,1,244.588,623,1.78731e-83,113,130,3,147,2,146,145,0,HFTEEDKATITSLWGKVNVEDAGGETLGRLLVVYPWTQRFFDSFGNLSSASAIMGNPKVKAHGKKVLTSLGDAIKHLDDLKGTFAQLSELHCDKLHVDPENFKLLGNVLVTVLAIHFGKEFTPEVQASWQKMVTGVASALSSRYH,HLTGEEKAAVTGLWGKVNVEEVGGEALGRLLVVYPWTQRFFDSFGDLSSPSAVMGNPKVKAHGKKVLNSFSDGLKNLDNLKGTFAKLSELHCDKLHVDPENFRLLGNVLVCVLARHFGKEFTPQVQAAYQKVVAGVATALAHKYH,H T E+KA +T LWGKVNVE+ GGE LGRLLVVYPWTQRFFDSFG+LSS SA+MGNPKVKAHGKKVL S  D +K+LD+LKGTFA+LSELHCDKLHVDPENF+LLGNVLV VLA HFGKEFTP+VQA++QK+V GVA+AL+ +YH,sequence_70,147
59,sp|P09909.1|,P09909,RecName: Full=Hemoglobin subunit beta; AltName: Full=Beta-globin; AltName: Full=Hemoglobin beta chain [Phoca vitulina],9720,Phoca vitulina,60,146,1,243.432,620,4.69214e-83,113,131,3,147,2,146,145,0,HFTEEDKATITSLWGKVNVEDAGGETLGRLLVVYPWTQRFFDSFGNLSSASAIMGNPKVKAHGKKVLTSLGDAIKHLDDLKGTFAQLSELHCDKLHVDPENFKLLGNVLVTVLAIHFGKEFTPEVQASWQKMVTGVASALSSRYH,HLTGEEKSAVTALWGKVNVDEVGGEALGRLLVVYPWTQRFFDSFGDLSSADAIMGNPKVKAHGKKVLNSFSDGLKNLDNLKGTFAKLSELHCDKLHVDPENFKLLGNVLVCVLAHHFGKEFTPQVQAAYQKVVAGVANALAHKYH,H T E+K+ +T+LWGKVNV++ GGE LGRLLVVYPWTQRFFDSFG+LSSA AIMGNPKVKAHGKKVL S  D +K+LD+LKGTFA+LSELHCDKLHVDPENFKLLGNVLV VLA HFGKEFTP+VQA++QK+V GVA+AL+ +YH,sequence_70,147
60,sp|P28781.1|,P28781,RecName: Full=Hemoglobin subunit beta; AltName: Full=Beta-globin; AltName: Full=Hemoglobin beta chain [Taphozous georgianus],13281,Taphozous georgianus,61,146,1,242.662,618,8.29963e-83,110,132,3,147,2,146,145,0,HFTEEDKATITSLWGKVNVEDAGGETLGRLLVVYPWTQRFFDSFGNLSSASAIMGNPKVKAHGKKVLTSLGDAIKHLDDLKGTFAQLSELHCDKLHVDPENFKLLGNVLVTVLAIHFGKEFTPEVQASWQKMVTGVASALSSRYH,HLTADEKAAVTGLWGKVNVDEVGGEALGRLLVVYPWTQRFFDSFGDLSAASAVMGNPKVKAHGKKVLNSFSDGLKNLDNLKGTYAKLSELHCDKLHVDPENFRLLGNVLVCVLARHFGKEFTPQVQAAYQKVVSGVATALAHKYH,H T ++KA +T LWGKVNV++ GGE LGRLLVVYPWTQRFFDSFG+LS+ASA+MGNPKVKAHGKKVL S  D +K+LD+LKGT+A+LSELHCDKLHVDPENF+LLGNVLV VLA HFGKEFTP+VQA++QK+V+GVA+AL+ +YH,sequence_70,147
61,sp|P04444.3|,P04444,RecName: Full=Hemoglobin subunit beta-H1; AltName: Full=Beta-H1-globin; AltName: Full=Hemoglobin beta-H1 chain; AltName: Full=Protein Z [Mus musculus],10090,Mus musculus,62,147,1,242.276,617,1.11669e-82,111,129,3,147,3,147,145,0,HFTEEDKATITSLWGKVNVEDAGGETLGRLLVVYPWTQRFFDSFGNLSSASAIMGNPKVKAHGKKVLTSLGDAIKHLDDLKGTFAQLSELHCDKLHVDPENFKLLGNVLVTVLAIHFGKEFTPEVQASWQKMVTGVASALSSRYH,HFTAEEKAAITSIWDKVDLEKVGGETLGRLLIVYPWTQRFFDKFGNLSSALAIMGNPRIRAHGKKVLTSLGLGVKNMDNLKETFAHLSELHCDKLHVDPENFKLLGNMLVIVLSTHFAKEFTPEVQAAWQKLVIGVANALSHKYH,HFT E+KA ITS+W KV++E  GGETLGRLL+VYPWTQRFFD FGNLSSA AIMGNP+++AHGKKVLTSLG  +K++D+LK TFA LSELHCDKLHVDPENFKLLGN+LV VL+ HF KEFTPEVQA+WQK+V GVA+ALS +YH,sequence_70,147
62,sp|Q9TSP1.2|,Q9TSP1,RecName: Full=Hemoglobin subunit beta; AltName: Full=Beta-globin; AltName: Full=Hemoglobin beta chain [Papio anubis],9555,Papio anubis,63,147,1,241.891,616,1.77003e-82,111,129,3,147,3,147,145,0,HFTEEDKATITSLWGKVNVEDAGGETLGRLLVVYPWTQRFFDSFGNLSSASAIMGNPKVKAHGKKVLTSLGDAIKHLDDLKGTFAQLSELHCDKLHVDPENFKLLGNVLVTVLAIHFGKEFTPEVQASWQKMVTGVASALSSRYH,HLTPEEKNAVTALWGKVNVDEVGGEALGRLLVVYPWTQRFFDSFGDLSSPAAVMGNPKVKAHGKKVLGAFSDGLNHLDNLKGTFAQLSELHCDKLHVDPENFKLLGNVLVCVLAHHFGKEFTPQVQAAYQKVVAGVANALAHKYH,H T E+K  +T+LWGKVNV++ GGE LGRLLVVYPWTQRFFDSFG+LSS +A+MGNPKVKAHGKKVL +  D + HLD+LKGTFAQLSELHCDKLHVDPENFKLLGNVLV VLA HFGKEFTP+VQA++QK+V GVA+AL+ +YH,sequence_70,147
63,sp|P06643.2|,P06643,RecName: Full=Hemoglobin subunit epsilon-4; AltName: Full=Epsilon-4-globin; AltName: Full=Hemoglobin epsilon-4 chain [Bos taurus],9913,Bos taurus,64,147,1,241.891,616,2.10954e-82,108,126,3,147,3,147,145,0,HFTEEDKATITSLWGKVNVEDAGGETLGRLLVVYPWTQRFFDSFGNLSSASAIMGNPKVKAHGKKVLTSLGDAIKHLDDLKGTFAQLSELHCDKLHVDPENFKLLGNVLVTVLAIHFGKEFTPEVQASWQKMVTGVASALSSRYH,HFTTEEKAAVASLWAKVNVEVVGGESLARLLIVYPWTQRFFDSFGNLYSESAIMGNPKVKAHGRKVLNSFGNAIEHMDDLKGTFADLSELHCDKLHVDPENFRLLGNMILIVLATHFSKEFTPQMQASWQKLTNAVANALAHKYH,HFT E+KA + SLW KVNVE  GGE+L RLL+VYPWTQRFFDSFGNL S SAIMGNPKVKAHG+KVL S G+AI+H+DDLKGTFA LSELHCDKLHVDPENF+LLGN+++ VLA HF KEFTP++QASWQK+   VA+AL+ +YH,sequence_70,147
64,sp|P02029.1|,P02029,RecName: Full=Hemoglobin subunit beta; AltName: Full=Beta-globin; AltName: Full=Hemoglobin beta chain [Theropithecus gelada],9565,Theropithecus gelada,65,146,1,241.506,615,2.2765e-82,111,129,3,147,2,146,145,0,HFTEEDKATITSLWGKVNVEDAGGETLGRLLVVYPWTQRFFDSFGNLSSASAIMGNPKVKAHGKKVLTSLGDAIKHLDDLKGTFAQLSELHCDKLHVDPENFKLLGNVLVTVLAIHFGKEFTPEVQASWQKMVTGVASALSSRYH,HLTPEEKNAVTTLWGKVNVDEVGGEALGRLLVVYPWTQRFFDSFGDLSSPAAVMGNPKVKAHGKKVLGAFSDGLNHLDNLKGTFAQLSELHCDKLHVDPENFKLLGNVLVCVLAHHFGKEFTPQVQAAYQKVVAGVANALAHKYH,H T E+K  +T+LWGKVNV++ GGE LGRLLVVYPWTQRFFDSFG+LSS +A+MGNPKVKAHGKKVL +  D + HLD+LKGTFAQLSELHCDKLHVDPENFKLLGNVLV VLA HFGKEFTP+VQA++QK+V GVA+AL+ +YH,sequence_70,147
65,sp|P02030.1|,P02030,RecName: Full=Hemoglobin subunit beta; AltName: Full=Beta-globin; AltName: Full=Hemoglobin beta chain [Papio cynocephalus],9556,Papio cynocephalus,66,146,1,241.506,615,2.59672e-82,111,129,3,147,2,146,145,0,HFTEEDKATITSLWGKVNVEDAGGETLGRLLVVYPWTQRFFDSFGNLSSASAIMGNPKVKAHGKKVLTSLGDAIKHLDDLKGTFAQLSELHCDKLHVDPENFKLLGNVLVTVLAIHFGKEFTPEVQASWQKMVTGVASALSSRYH,HLTPEEKNAVTALWGKVNVDEVGGEALGRLLVVYPWTQRFFDSFGDLSSPAAVMGNPKVKAHGKKVLGAFSDGLNHLDNLKGTFAQLSELHCDKLHVDPENFKLLGNVLVCVLAHHFGKEFTPQVQAAYQKVVAGVANALAHKYH,H T E+K  +T+LWGKVNV++ GGE LGRLLVVYPWTQRFFDSFG+LSS +A+MGNPKVKAHGKKVL +  D + HLD+LKGTFAQLSELHCDKLHVDPENFKLLGNVLV VLA HFGKEFTP+VQA++QK+V GVA+AL+ +YH,sequence_70,147
66,sp|P68046.1|,P68046,RecName: Full=Hemoglobin subunit beta; AltName: Full=Beta-globin; AltName: Full=Hemoglobin beta chain [Odobenus rosmarus divergens],9708,Odobenus rosmarus divergens,67,146,1,241.121,614,3.37862e-82,111,130,3,147,2,146,145,0,HFTEEDKATITSLWGKVNVEDAGGETLGRLLVVYPWTQRFFDSFGNLSSASAIMGNPKVKAHGKKVLTSLGDAIKHLDDLKGTFAQLSELHCDKLHVDPENFKLLGNVLVTVLAIHFGKEFTPEVQASWQKMVTGVASALSSRYH,HLTADEKAAVTALWGKVNVDEVGGEALGRLLVVYPWTQRFFDSFGDLSSPDAVMGNPKVKAHGKKVLNSFSDGLKNLDNLKGTFAKLSELHCDKLHVDPENFKLLGNVLVCVLAHHFGKEFTPQVQAAYQKVVAGVANALAHKYH,H T ++KA +T+LWGKVNV++ GGE LGRLLVVYPWTQRFFDSFG+LSS  A+MGNPKVKAHGKKVL S  D +K+LD+LKGTFA+LSELHCDKLHVDPENFKLLGNVLV VLA HFGKEFTP+VQA++QK+V GVA+AL+ +YH,sequence_70,147
67,sp|P10893.1|,P10893,RecName: Full=Hemoglobin subunit beta; AltName: Full=Beta-globin; AltName: Full=Hemoglobin beta chain [Lutra lutra],9657,Lutra lutra,68,146,1,241.121,614,3.53014e-82,112,130,3,147,2,146,145,0,HFTEEDKATITSLWGKVNVEDAGGETLGRLLVVYPWTQRFFDSFGNLSSASAIMGNPKVKAHGKKVLTSLGDAIKHLDDLKGTFAQLSELHCDKLHVDPENFKLLGNVLVTVLAIHFGKEFTPEVQASWQKMVTGVASALSSRYH,HLTGEEKAAVTSLWGKVNVDEVGGEALGRLLVVYPWTQRFFDSFGDLSSPDAVMGNPKVKAHGKKVLNSFSEGLKNLDNLKGTFAKLSELHCDKLHVDPENFKLLGNVLVCVLAHHFGKEFTPQVQAAYQKVVAGVANALAHKYH,H T E+KA +TSLWGKVNV++ GGE LGRLLVVYPWTQRFFDSFG+LSS  A+MGNPKVKAHGKKVL S  + +K+LD+LKGTFA+LSELHCDKLHVDPENFKLLGNVLV VLA HFGKEFTP+VQA++QK+V GVA+AL+ +YH,sequence_70,147
68,sp|P23602.1|,P23602,RecName: Full=Hemoglobin subunit beta; AltName: Full=Beta-globin; AltName: Full=Hemoglobin beta chain [Mustela lutreola],9666,Mustela lutreola,69,146,1,241.121,614,3.56907e-82,111,130,3,147,2,146,145,0,HFTEEDKATITSLWGKVNVEDAGGETLGRLLVVYPWTQRFFDSFGNLSSASAIMGNPKVKAHGKKVLTSLGDAIKHLDDLKGTFAQLSELHCDKLHVDPENFKLLGNVLVTVLAIHFGKEFTPEVQASWQKMVTGVASALSSRYH,HLTAEEKAAVTALWGKVNVDEVGGEALGRLLVVYPWTQRFFDSFGDLSSPDAVMGNPKVKAHGKKVLNSFSEGLKNLDNLKGTFAKLSELHCDKLHVDPENFKLLGNVLVCVLAHHFGKEFTPQVQAAYQKVVAGVATALAHKYH,H T E+KA +T+LWGKVNV++ GGE LGRLLVVYPWTQRFFDSFG+LSS  A+MGNPKVKAHGKKVL S  + +K+LD+LKGTFA+LSELHCDKLHVDPENFKLLGNVLV VLA HFGKEFTP+VQA++QK+V GVA+AL+ +YH,sequence_70,147
69,sp|P08259.1|,P08259,RecName: Full=Hemoglobin subunit beta; AltName: Full=Beta-globin; AltName: Full=Hemoglobin beta chain [Mandrillus sphinx],9561,Mandrillus sphinx,70,146,1,241.121,614,3.98277e-82,111,128,3,147,2,146,145,0,HFTEEDKATITSLWGKVNVEDAGGETLGRLLVVYPWTQRFFDSFGNLSSASAIMGNPKVKAHGKKVLTSLGDAIKHLDDLKGTFAQLSELHCDKLHVDPENFKLLGNVLVTVLAIHFGKEFTPEVQASWQKMVTGVASALSSRYH,HLTPEEKTAVTTLWGKVNVDEVGGEALGRLLVVYPWTQRFFDSFGDLSSPDAVMGNPKVKAHGKKVLGAFSDGLNHLDNLKGTFAQLSELHCDKLHVDPENFKLLGNVLVCVLAHHFGKEFTPQVQAAYQKVVAGVANALAHKYH,H T E+K  +T+LWGKVNV++ GGE LGRLLVVYPWTQRFFDSFG+LSS  A+MGNPKVKAHGKKVL +  D + HLD+LKGTFAQLSELHCDKLHVDPENFKLLGNVLV VLA HFGKEFTP+VQA++QK+V GVA+AL+ +YH,sequence_70,147
70,sp|P15449.1|,P15449,RecName: Full=Hemoglobin subunit beta; AltName: Full=Beta-globin; AltName: Full=Hemoglobin beta chain [Mellivora capensis],9664,Mellivora capensis,71,146,1,241.121,614,4.20727e-82,111,130,3,147,2,146,145,0,HFTEEDKATITSLWGKVNVEDAGGETLGRLLVVYPWTQRFFDSFGNLSSASAIMGNPKVKAHGKKVLTSLGDAIKHLDDLKGTFAQLSELHCDKLHVDPENFKLLGNVLVTVLAIHFGKEFTPEVQASWQKMVTGVASALSSRYH,HLTAEEKAAVTALWGKVNVDEVGGEALGRLLVVYPWTQRFFDSFGDLSSPDAVMGNPKVKAHGKKVLNSFSEGLKNLDNLKGTFAKLSELHCDKLHVDPENFKLLGNVLVCVLAHHFGKEFTPQVQAAYQKVVAGVANALAHKYH,H T E+KA +T+LWGKVNV++ GGE LGRLLVVYPWTQRFFDSFG+LSS  A+MGNPKVKAHGKKVL S  + +K+LD+LKGTFA+LSELHCDKLHVDPENFKLLGNVLV VLA HFGKEFTP+VQA++QK+V GVA+AL+ +YH,sequence_70,147
71,sp|P02104.2|,P02104,RecName: Full=Hemoglobin subunit epsilon-Y2; AltName: Full=Epsilon-Y2-globin; AltName: Full=Hemoglobin epsilon-Y2 chain [Mus musculus],10090,Mus musculus,72,147,1,240.736,613,4.80188e-82,112,127,3,147,3,147,145,0,HFTEEDKATITSLWGKVNVEDAGGETLGRLLVVYPWTQRFFDSFGNLSSASAIMGNPKVKAHGKKVLTSLGDAIKHLDDLKGTFAQLSELHCDKLHVDPENFKLLGNVLVTVLAIHFGKEFTPEVQASWQKMVTGVASALSSRYH,NFTAEEKTLINGLWSKVNVEEVGGEALGRLLVVYPWTQRFFDSFGNLSSASAIMGNPRVKAHGKKVLTAFGESIKNLDNLKSALAKLSELHCDKLHVDPENFKLLGNVLVIVLASHFGNEFTAEMQAAWQKLVAGVATALSHKYH,+FT E+K  I  LW KVNVE+ GGE LGRLLVVYPWTQRFFDSFGNLSSASAIMGNP+VKAHGKKVLT+ G++IK+LD+LK   A+LSELHCDKLHVDPENFKLLGNVLV VLA HFG EFT E+QA+WQK+V GVA+ALS +YH,sequence_70,147
72,sp|P02032.1|,P02032,RecName: Full=Hemoglobin subunit beta; AltName: Full=Beta-globin; AltName: Full=Hemoglobin beta chain [Semnopithecus entellus],88029,Semnopithecus entellus,73,146,1,240.736,613,6.04199e-82,110,129,3,147,2,146,145,0,HFTEEDKATITSLWGKVNVEDAGGETLGRLLVVYPWTQRFFDSFGNLSSASAIMGNPKVKAHGKKVLTSLGDAIKHLDDLKGTFAQLSELHCDKLHVDPENFKLLGNVLVTVLAIHFGKEFTPEVQASWQKMVTGVASALSSRYH,HLTPEEKAAVTALWGKVNVDEVGGEALGRLLVVYPWTQRFFESFGDLSSPDAVMGNPKVKAHGKKVLGAFSDGLAHLDNLKGTFAQLSELHCDKLHVDPENFRLLGNVLVCVLAHHFGKEFTPQVQAAYQKVVAGVANALAHKYH,H T E+KA +T+LWGKVNV++ GGE LGRLLVVYPWTQRFF+SFG+LSS  A+MGNPKVKAHGKKVL +  D + HLD+LKGTFAQLSELHCDKLHVDPENF+LLGNVLV VLA HFGKEFTP+VQA++QK+V GVA+AL+ +YH,sequence_70,147
73,sp|P02058.1|,P02058,RecName: Full=Hemoglobin subunit beta; AltName: Full=Beta-globin; AltName: Full=Hemoglobin beta chain [Rousettus aegyptiacus],9407,Rousettus aegyptiacus,74,146,1,240.35,612,7.94794e-82,110,129,3,147,2,146,145,0,HFTEEDKATITSLWGKVNVEDAGGETLGRLLVVYPWTQRFFDSFGNLSSASAIMGNPKVKAHGKKVLTSLGDAIKHLDDLKGTFAQLSELHCDKLHVDPENFKLLGNVLVTVLAIHFGKEFTPEVQASWQKMVTGVASALSSRYH,HLSGEEKAAVTALWGKVKVEEVGGEALGRLLVVYPWTQRFFDSFGDLSSASAVMSNPKVKAHGKKVLDSFSEGLQHLDSLKGTFAKLSELHCDKLHVDPENFRLLGNVLVCVLARHFGKEFTPQVQAAYQKVVAGVATALAHKYH,H + E+KA +T+LWGKV VE+ GGE LGRLLVVYPWTQRFFDSFG+LSSASA+M NPKVKAHGKKVL S  + ++HLD LKGTFA+LSELHCDKLHVDPENF+LLGNVLV VLA HFGKEFTP+VQA++QK+V GVA+AL+ +YH,sequence_70,147
74,sp|P08535.2|,P08535,RecName: Full=Hemoglobin subunit beta; AltName: Full=Beta-globin; AltName: Full=Hemoglobin beta chain [Lepus europaeus],9983,Lepus europaeus,75,147,1,240.35,612,8.04022e-82,108,132,3,147,3,147,145,0,HFTEEDKATITSLWGKVNVEDAGGETLGRLLVVYPWTQRFFDSFGNLSSASAIMGNPKVKAHGKKVLTSLGDAIKHLDDLKGTFAQLSELHCDKLHVDPENFKLLGNVLVTVLAIHFGKEFTPEVQASWQKMVTGVASALSSRYH,HLSGEEKSAVTALWGKVNVEEVGGETLGRLLVVYPWTQRFFESFGDLSTASAVMGNPKVKAHGKKVLAAFSEGLSHLDNLKGTFAKLSELHCDKLHVDPENFRLLGNVLVIVLSHHFGKEFTPQVQAAYQKVVAGVANALAHKYH,H + E+K+ +T+LWGKVNVE+ GGETLGRLLVVYPWTQRFF+SFG+LS+ASA+MGNPKVKAHGKKVL +  + + HLD+LKGTFA+LSELHCDKLHVDPENF+LLGNVLV VL+ HFGKEFTP+VQA++QK+V GVA+AL+ +YH,sequence_70,147
75,sp|P68052.1|,P68052,RecName: Full=Hemoglobin subunit beta; AltName: Full=Beta-globin; AltName: Full=Hemoglobin beta chain [Pteronura brasiliensis],9672,Pteronura brasiliensis,76,146,1,240.35,612,8.39594e-82,111,130,3,147,2,146,145,0,HFTEEDKATITSLWGKVNVEDAGGETLGRLLVVYPWTQRFFDSFGNLSSASAIMGNPKVKAHGKKVLTSLGDAIKHLDDLKGTFAQLSELHCDKLHVDPENFKLLGNVLVTVLAIHFGKEFTPEVQASWQKMVTGVASALSSRYH,HLTGEEKAAVTALWGKVNVDEVGGEALGRLLVVYPWTQRFFDSFGDLSSPDAVMGNPKVKAHGKKVLNSFSEGLKNLDNLKGTFAKLSELHCDKLHVDPENFKLLGNVLVCVLAHHFGKEFTPQVQAAYQKVVAGVANALAHKYH,H T E+KA +T+LWGKVNV++ GGE LGRLLVVYPWTQRFFDSFG+LSS  A+MGNPKVKAHGKKVL S  + +K+LD+LKGTFA+LSELHCDKLHVDPENFKLLGNVLV VLA HFGKEFTP+VQA++QK+V GVA+AL+ +YH,sequence_70,147
76,sp|P18984.1|,P18984,RecName: Full=Hemoglobin subunit beta; AltName: Full=Beta-globin; AltName: Full=Hemoglobin beta chain [Balaenoptera acutorostrata],9767,Balaenoptera acutorostrata,77,146,1,239.965,611,9.89723e-82,109,128,3,147,2,146,145,0,HFTEEDKATITSLWGKVNVEDAGGETLGRLLVVYPWTQRFFDSFGNLSSASAIMGNPKVKAHGKKVLTSLGDAIKHLDDLKGTFAQLSELHCDKLHVDPENFKLLGNVLVTVLAIHFGKEFTPEVQASWQKMVTGVASALSSRYH,HLTAEEKSAVTALWAKVNVEEVGGEALGRLLVVYPWTQRFFEAFGDLSTADAVMKNPKVKAHGKKVLASFSDGLKHLDDLKGTFATLSELHCDKLHVDPENFRLLGNVLVIVLARHFGKEFTPELQAAYQKVVAGVANALAHKYH,H T E+K+ +T+LW KVNVE+ GGE LGRLLVVYPWTQRFF++FG+LS+A A+M NPKVKAHGKKVL S  D +KHLDDLKGTFA LSELHCDKLHVDPENF+LLGNVLV VLA HFGKEFTPE+QA++QK+V GVA+AL+ +YH,sequence_70,147
77,sp|D0VX08.1|,D0VX08,RecName: Full=Hemoglobin subunit beta; AltName: Full=Beta-globin; AltName: Full=Hemoglobin beta chain [Pteropus giganteus],143291,Pteropus giganteus,78,146,1,239.965,611,1.02283e-81,110,130,3,147,2,146,145,0,HFTEEDKATITSLWGKVNVEDAGGETLGRLLVVYPWTQRFFDSFGNLSSASAIMGNPKVKAHGKKVLTSLGDAIKHLDDLKGTFAQLSELHCDKLHVDPENFKLLGNVLVTVLAIHFGKEFTPEVQASWQKMVTGVASALSSRYH,HLSGEEKAAVTGLWGKVKVDEVGGEALGRLLVVYPWTQRFFDSFGDLSSASAVMGNPKVKAHGKKVLDSFSEGLQHLDNLKGTFAKLSELHCDKLHVDPENFRLLGNVLVCVLARHFGKEFTPQVQAAYQKVVAGVANALAHKYH,H + E+KA +T LWGKV V++ GGE LGRLLVVYPWTQRFFDSFG+LSSASA+MGNPKVKAHGKKVL S  + ++HLD+LKGTFA+LSELHCDKLHVDPENF+LLGNVLV VLA HFGKEFTP+VQA++QK+V GVA+AL+ +YH,sequence_70,147
78,sp|P68011.1|,P68011,RecName: Full=Hemoglobin subunit beta; AltName: Full=Beta-globin; AltName: Full=Hemoglobin beta chain [Ursus maritimus],29073,Ursus maritimus,79,146,1,239.965,611,1.10444e-81,112,129,3,147,2,146,145,0,HFTEEDKATITSLWGKVNVEDAGGETLGRLLVVYPWTQRFFDSFGNLSSASAIMGNPKVKAHGKKVLTSLGDAIKHLDDLKGTFAQLSELHCDKLHVDPENFKLLGNVLVTVLAIHFGKEFTPEVQASWQKMVTGVASALSSRYH,HLTGEEKSLVTGLWGKVNVDEVGGEALGRLLVVYPWTQRFFDSFGDLSSADAIMNNPKVKAHGKKVLNSFSDGLKNLDNLKGTFAKLSELHCDKLHVDPENFKLLGNVLVCVLAHHFGKEFTPQVQAAYQKVVAGVANALAHKYH,H T E+K+ +T LWGKVNV++ GGE LGRLLVVYPWTQRFFDSFG+LSSA AIM NPKVKAHGKKVL S  D +K+LD+LKGTFA+LSELHCDKLHVDPENFKLLGNVLV VLA HFGKEFTP+VQA++QK+V GVA+AL+ +YH,sequence_70,147
79,sp|P02033.1|,P02033,RecName: Full=Hemoglobin subunit beta; AltName: Full=Beta-globin; AltName: Full=Hemoglobin beta chain [Piliocolobus badius],164648,Piliocolobus badius,80,146,1,239.965,611,1.14138e-81,110,129,3,147,2,146,145,0,HFTEEDKATITSLWGKVNVEDAGGETLGRLLVVYPWTQRFFDSFGNLSSASAIMGNPKVKAHGKKVLTSLGDAIKHLDDLKGTFAQLSELHCDKLHVDPENFKLLGNVLVTVLAIHFGKEFTPEVQASWQKMVTGVASALSSRYH,HLTPDEKNAVTALWGKVNVDEVGGEALGRLLVVYPWTQRFFDSFGDLSTADAVMGNPKVKAHGKKVLGAFSDGLAHLDNLKGTFAQLSELHCDKLHVDPENFKLLGNVLVCVLAHHFGKEFTPQVQAAYQKVVAGVANALAHKYH,H T ++K  +T+LWGKVNV++ GGE LGRLLVVYPWTQRFFDSFG+LS+A A+MGNPKVKAHGKKVL +  D + HLD+LKGTFAQLSELHCDKLHVDPENFKLLGNVLV VLA HFGKEFTP+VQA++QK+V GVA+AL+ +YH,sequence_70,147
80,sp|P19885.2|,P19885,RecName: Full=Hemoglobin subunit beta; AltName: Full=Beta-globin; AltName: Full=Hemoglobin beta chain [Colobus polykomos],9572,Colobus polykomos,81,147,1,239.965,611,1.19325e-81,110,129,3,147,3,147,145,0,HFTEEDKATITSLWGKVNVEDAGGETLGRLLVVYPWTQRFFDSFGNLSSASAIMGNPKVKAHGKKVLTSLGDAIKHLDDLKGTFAQLSELHCDKLHVDPENFKLLGNVLVTVLAIHFGKEFTPEVQASWQKMVTGVASALSSRYH,HLTPDEKAAVTALWGKVNVDEVGGEALGRLLVVYPWTQRFFESFGDLSSPDAVMGNPKVKAHGKKVLGAFSDGLAHLDNLKGTFAQLSELHCDKLHVDPENFKLLGNVLVCVLAHHFGKEFTPQVQAAYQKVVAGVANALAHKYH,H T ++KA +T+LWGKVNV++ GGE LGRLLVVYPWTQRFF+SFG+LSS  A+MGNPKVKAHGKKVL +  D + HLD+LKGTFAQLSELHCDKLHVDPENFKLLGNVLV VLA HFGKEFTP+VQA++QK+V GVA+AL+ +YH,sequence_70,147
81,sp|P02105.2|,P02105,RecName: Full=Hemoglobin subunit epsilon-2; AltName: Full=Epsilon-2-globin; AltName: Full=Hemoglobin epsilon-2 chain; AltName: Full=Hemoglobin epsilon-II chain [Capra hircus],9925,Capra hircus,82,147,1,239.58,610,1.36108e-81,107,125,3,147,3,147,145,0,HFTEEDKATITSLWGKVNVEDAGGETLGRLLVVYPWTQRFFDSFGNLSSASAIMGNPKVKAHGKKVLTSLGDAIKHLDDLKGTFAQLSELHCDKLHVDPENFKLLGNVLVTVLAIHFGKEFTPEVQASWQKMVTGVASALSSRYH,HFTTEEKAAVASLWAKVNVEVVGGESLARLLIVYPWTQRFFDSFGNLCSESAIMGNPKVKAHGRKVLNSFGNAIKHMDDLKGTFADLSELHCDKLHVDPPNFRLLGNMILIVLATHFSKEFTPQMQAAWQKLTNAVANALAHKYH,HFT E+KA + SLW KVNVE  GGE+L RLL+VYPWTQRFFDSFGNL S SAIMGNPKVKAHG+KVL S G+AIKH+DDLKGTFA LSELHCDKLHVDP NF+LLGN+++ VLA HF KEFTP++QA+WQK+   VA+AL+ +YH,sequence_70,147
82,sp|P68044.1|,P68044,RecName: Full=Hemoglobin subunit beta; AltName: Full=Beta-globin; AltName: Full=Hemoglobin beta chain [Mustela putorius furo],9669,Mustela putorius furo,83,146,1,239.58,610,1.45283e-81,111,130,3,147,2,146,145,0,HFTEEDKATITSLWGKVNVEDAGGETLGRLLVVYPWTQRFFDSFGNLSSASAIMGNPKVKAHGKKVLTSLGDAIKHLDDLKGTFAQLSELHCDKLHVDPENFKLLGNVLVTVLAIHFGKEFTPEVQASWQKMVTGVASALSSRYH,HLTGEEKAAVTALWGKVNVDEVGGETLGRLLVVYPWTQRFFDSFGDLSSPDAVMSNPKVKAHGKKVLNSFSEGLKNLDNLKGTFAKLSELHCDKLHVDPENFKLLGNVLVCVLAHHFGKEFTPQVQAAYQKVVAGVANALAHKYH,H T E+KA +T+LWGKVNV++ GGETLGRLLVVYPWTQRFFDSFG+LSS  A+M NPKVKAHGKKVL S  + +K+LD+LKGTFA+LSELHCDKLHVDPENFKLLGNVLV VLA HFGKEFTP+VQA++QK+V GVA+AL+ +YH,sequence_70,147
83,sp|P04443.5|,P04443,RecName: Full=Hemoglobin subunit beta-H0; AltName: Full=Beta-H0-globin; AltName: Full=Hemoglobin beta-H0 chain [Mus musculus],10090,Mus musculus,84,147,1,239.58,610,1.65812e-81,110,128,3,147,3,147,145,0,HFTEEDKATITSLWGKVNVEDAGGETLGRLLVVYPWTQRFFDSFGNLSSASAIMGNPKVKAHGKKVLTSLGDAIKHLDDLKGTFAQLSELHCDKLHVDPENFKLLGNVLVTVLAIHFGKEFTPEVQASWQKMVTGVASALSSRYH,HFTAEEKAAITSIWDKVDLEKVGGETLGRLLIVYPWTQRFFDKFGNLSSAQAIMGNPRIKAHGKKVLTSLGLAVKNMDNLKETFAHLSELHCDKLHADPENFKLLGNMLVIVLSSYFGKEFTAEAQAAWQKLVVGVATALSHKYH,HFT E+KA ITS+W KV++E  GGETLGRLL+VYPWTQRFFD FGNLSSA AIMGNP++KAHGKKVLTSLG A+K++D+LK TFA LSELHCDKLH DPENFKLLGN+LV VL+ +FGKEFT E QA+WQK+V GVA+ALS +YH,sequence_70,147
84,sp|P02038.1|,P02038,RecName: Full=Hemoglobin subunit beta; AltName: Full=Beta-globin; AltName: Full=Hemoglobin beta chain [Saguinus mystax],9488,Saguinus mystax,85,146,1,239.58,610,1.7315e-81,110,128,3,147,2,146,145,0,HFTEEDKATITSLWGKVNVEDAGGETLGRLLVVYPWTQRFFDSFGNLSSASAIMGNPKVKAHGKKVLTSLGDAIKHLDDLKGTFAQLSELHCDKLHVDPENFKLLGNVLVTVLAIHFGKEFTPEVQASWQKMVTGVASALSSRYH,HLTGEEKSAVTTLWGKVNVEEVGGEALGRLLVVYPWTQRFFDSFGDLSSPDAVMNNPKVKAHGKKVLGAFSDGLAHLDNLKGTFAQLSELHCDKLHVDPENFRLLGNVLVCVLAHHFGKEFTPQVQAAYQKVVAGVANALAHKYH,H T E+K+ +T+LWGKVNVE+ GGE LGRLLVVYPWTQRFFDSFG+LSS  A+M NPKVKAHGKKVL +  D + HLD+LKGTFAQLSELHCDKLHVDPENF+LLGNVLV VLA HFGKEFTP+VQA++QK+V GVA+AL+ +YH,sequence_70,147
85,sp|P02028.1|,P02028,RecName: Full=Hemoglobin subunit beta; AltName: Full=Beta-globin; AltName: Full=Hemoglobin beta chain [Chlorocebus aethiops],9534,Chlorocebus aethiops,86,146,1,239.195,609,1.84927e-81,110,128,3,147,2,146,145,0,HFTEEDKATITSLWGKVNVEDAGGETLGRLLVVYPWTQRFFDSFGNLSSASAIMGNPKVKAHGKKVLTSLGDAIKHLDDLKGTFAQLSELHCDKLHVDPENFKLLGNVLVTVLAIHFGKEFTPEVQASWQKMVTGVASALSSRYH,HLTPEEKTAVTTLWGKVNVDEVGGEALGRLLVVYPWTQRFFESFGDLSSPDAVMGNPKVKAHGKKVLGAFSDGLAHLDNLKGTFAQLSELHCDKLHVDPENFKLLGNVLVCVLAHHFGKEFTPQVQAAYQKVVAGVANALAHKYH,H T E+K  +T+LWGKVNV++ GGE LGRLLVVYPWTQRFF+SFG+LSS  A+MGNPKVKAHGKKVL +  D + HLD+LKGTFAQLSELHCDKLHVDPENFKLLGNVLV VLA HFGKEFTP+VQA++QK+V GVA+AL+ +YH,sequence_70,147
86,sp|P15166.1|,P15166,RecName: Full=Hemoglobin subunit beta; AltName: Full=Beta-globin; AltName: Full=Hemoglobin beta chain [Leptonychotes weddellii],9713,Leptonychotes weddellii,87,146,1,239.195,609,1.9322e-81,110,130,3,147,2,146,145,0,HFTEEDKATITSLWGKVNVEDAGGETLGRLLVVYPWTQRFFDSFGNLSSASAIMGNPKVKAHGKKVLTSLGDAIKHLDDLKGTFAQLSELHCDKLHVDPENFKLLGNVLVTVLAIHFGKEFTPEVQASWQKMVTGVASALSSRYH,HLTAEEKSAVTALWGKVNVDEVGGEALGRLLVVYPWTQRFFDSFGDLSSPNAIMSNPKVKAHGKKVLNSFSDGLKNLDNLKGTFAKLSELHCDQLHVDPENFKLLGNVLVCVLAHHFGKEFTPQVQAAYQKVVAGVANALAHKYH,H T E+K+ +T+LWGKVNV++ GGE LGRLLVVYPWTQRFFDSFG+LSS +AIM NPKVKAHGKKVL S  D +K+LD+LKGTFA+LSELHCD+LHVDPENFKLLGNVLV VLA HFGKEFTP+VQA++QK+V GVA+AL+ +YH,sequence_70,147
87,sp|P68222.2|,P68222,RecName: Full=Hemoglobin subunit beta; AltName: Full=Beta-globin; AltName: Full=Hemoglobin beta chain [Macaca fuscata fuscata],9543,Macaca fuscata fuscata,88,147,1,239.195,609,2.06477e-81,110,128,3,147,3,147,145,0,HFTEEDKATITSLWGKVNVEDAGGETLGRLLVVYPWTQRFFDSFGNLSSASAIMGNPKVKAHGKKVLTSLGDAIKHLDDLKGTFAQLSELHCDKLHVDPENFKLLGNVLVTVLAIHFGKEFTPEVQASWQKMVTGVASALSSRYH,HLTPEEKNAVTTLWGKVNVDEVGGEALGRLLVVYPWTQRFFESFGDLSSPDAVMGNPKVKAHGKKVLGAFSDGLNHLDNLKGTFAQLSELHCDKLHVDPENFKLLGNVLVCVLAHHFGKEFTPQVQAAYQKVVAGVANALAHKYH,H T E+K  +T+LWGKVNV++ GGE LGRLLVVYPWTQRFF+SFG+LSS  A+MGNPKVKAHGKKVL +  D + HLD+LKGTFAQLSELHCDKLHVDPENFKLLGNVLV VLA HFGKEFTP+VQA++QK+V GVA+AL+ +YH,sequence_70,147
88,sp|P02035.1|,P02035,RecName: Full=Hemoglobin subunit beta; AltName: Full=Beta-globin; AltName: Full=Hemoglobin beta chain [Aotus trivirgatus],9505,Aotus trivirgatus,89,146,1,239.195,609,2.40607e-81,110,128,3,147,2,146,145,0,HFTEEDKATITSLWGKVNVEDAGGETLGRLLVVYPWTQRFFDSFGNLSSASAIMGNPKVKAHGKKVLTSLGDAIKHLDDLKGTFAQLSELHCDKLHVDPENFKLLGNVLVTVLAIHFGKEFTPEVQASWQKMVTGVASALSSRYH,HLTGEEKAAVTALWGKVNVDEVGGEALGRLLVVYPWTQRFFDSFGDLSSPDAVMNNPKVKAHGKKVLGAFSDGLAHLDNLKGTFAQLSELHCDKLHVDPENFRLLGNVLVCVLAHHFGKEFTPQVQAAYQKVVAGVANALAHKYH,H T E+KA +T+LWGKVNV++ GGE LGRLLVVYPWTQRFFDSFG+LSS  A+M NPKVKAHGKKVL +  D + HLD+LKGTFAQLSELHCDKLHVDPENF+LLGNVLV VLA HFGKEFTP+VQA++QK+V GVA+AL+ +YH,sequence_70,147
89,sp|P02039.1|,P02039,RecName: Full=Hemoglobin subunit beta; AltName: Full=Beta-globin; AltName: Full=Hemoglobin beta chain [Leontocebus fuscicollis],9487,Leontocebus fuscicollis,90,146,1,238.81,608,3.38031e-81,109,129,3,147,2,146,145,0,HFTEEDKATITSLWGKVNVEDAGGETLGRLLVVYPWTQRFFDSFGNLSSASAIMGNPKVKAHGKKVLTSLGDAIKHLDDLKGTFAQLSELHCDKLHVDPENFKLLGNVLVTVLAIHFGKEFTPEVQASWQKMVTGVASALSSRYH,HLTGEEKSAVTTLWGKVNVEEVGGEALGRLLVVYPWTQRFFESFGDLSSPDAVMGNPKVKAHGKKVLGAFSDGLAHLDNLKGTFAQLSELHCNKLHVDPENFRLLGNVLVCVLAHHFGKEFTPQVQAAYQKVVAGVANALAHKYH,H T E+K+ +T+LWGKVNVE+ GGE LGRLLVVYPWTQRFF+SFG+LSS  A+MGNPKVKAHGKKVL +  D + HLD+LKGTFAQLSELHC+KLHVDPENF+LLGNVLV VLA HFGKEFTP+VQA++QK+V GVA+AL+ +YH,sequence_70,147
90,sp|P02055.1|,P02055,RecName: Full=Hemoglobin subunit beta; AltName: Full=Beta-globin; AltName: Full=Hemoglobin beta chain [Meles meles],9662,Meles meles,91,146,1,238.424,607,3.69028e-81,109,130,3,147,2,146,145,0,HFTEEDKATITSLWGKVNVEDAGGETLGRLLVVYPWTQRFFDSFGNLSSASAIMGNPKVKAHGKKVLTSLGDAIKHLDDLKGTFAQLSELHCDKLHVDPENFKLLGNVLVTVLAIHFGKEFTPEVQASWQKMVTGVASALSSRYH,HLTAEEKSAVTSLWGKVNVDEVGGEALGRLLVVYPWTQRYFDSFGDLSTPDAVMGNPKVKAHGKKVLNSFSEGLKNLDNLKGTFAKLSELHCDKLHVDPENFKLLGNVLVCVLAHHFGKEFTPQVQAAYQKVVAGVANALAHKYH,H T E+K+ +TSLWGKVNV++ GGE LGRLLVVYPWTQR+FDSFG+LS+  A+MGNPKVKAHGKKVL S  + +K+LD+LKGTFA+LSELHCDKLHVDPENFKLLGNVLV VLA HFGKEFTP+VQA++QK+V GVA+AL+ +YH,sequence_70,147
91,sp|P02059.1|,P02059,RecName: Full=Hemoglobin subunit beta; AltName: Full=Beta-globin; AltName: Full=Hemoglobin beta chain [Erinaceus europaeus],9365,Erinaceus europaeus,92,146,1,238.424,607,3.81371e-81,110,129,3,147,2,146,145,0,HFTEEDKATITSLWGKVNVEDAGGETLGRLLVVYPWTQRFFDSFGNLSSASAIMGNPKVKAHGKKVLTSLGDAIKHLDDLKGTFAQLSELHCDKLHVDPENFKLLGNVLVTVLAIHFGKEFTPEVQASWQKMVTGVASALSSRYH,HLTAEEKALVTGLWGKVKVEEFGGEALGRLLVVYPWTQRFFDSFGDLSSADAVMGNPKVKAHGAKVLQSMGDGIKNLDNLKGTFSKLSELHCDKLHVDPENFRLLGNVLVCVLARHFGKDFTPAAQAAFQKVVAGVANALAAKYH,H T E+KA +T LWGKV VE+ GGE LGRLLVVYPWTQRFFDSFG+LSSA A+MGNPKVKAHG KVL S+GD IK+LD+LKGTF++LSELHCDKLHVDPENF+LLGNVLV VLA HFGK+FTP  QA++QK+V GVA+AL+++YH,sequence_70,147
92,sp|P02031.1|,P02031,RecName: Full=Hemoglobin subunit beta; AltName: Full=Beta-globin; AltName: Full=Hemoglobin beta chain [Cercocebus atys],9531,Cercocebus atys,93,146,1,238.424,607,4.25575e-81,109,128,3,147,2,146,145,0,HFTEEDKATITSLWGKVNVEDAGGETLGRLLVVYPWTQRFFDSFGNLSSASAIMGNPKVKAHGKKVLTSLGDAIKHLDDLKGTFAQLSELHCDKLHVDPENFKLLGNVLVTVLAIHFGKEFTPEVQASWQKMVTGVASALSSRYH,HLTPEEKVAVTTLWGKVNVDEVGGEALGRLLVVYPWTQRFFESFGDLSNPDAVMGNPKVKAHGKKVLGAFSDGLNHLDNLKGTFAQLSELHCDKLHVDPENFKLLGNVLVCVLAHHFGKEFTPQVQAAYQKVVAGVANALAHKYH,H T E+K  +T+LWGKVNV++ GGE LGRLLVVYPWTQRFF+SFG+LS+  A+MGNPKVKAHGKKVL +  D + HLD+LKGTFAQLSELHCDKLHVDPENFKLLGNVLV VLA HFGKEFTP+VQA++QK+V GVA+AL+ +YH,sequence_70,147
93,sp|P14392.1|,P14392,RecName: Full=Hemoglobin subunit beta; AltName: Full=Beta-globin; AltName: Full=Hemoglobin beta chain [Pteropus poliocephalus],9403,Pteropus poliocephalus,94,146,1,238.039,606,5.12795e-81,109,129,3,147,2,146,145,0,HFTEEDKATITSLWGKVNVEDAGGETLGRLLVVYPWTQRFFDSFGNLSSASAIMGNPKVKAHGKKVLTSLGDAIKHLDDLKGTFAQLSELHCDKLHVDPENFKLLGNVLVTVLAIHFGKEFTPEVQASWQKMVTGVASALSSRYH,HLSGEEKAAVTGLWGKVKVDEVGGEALGRLLVVYPWTQRFFDSFGDLSSAPAVMGNPKVKAHGKKVLDSFSEGLQHLDNLKGTFAKLSELHCDKLHVDPENFRLLGNVLVCVLARHFGKEFTPQVQAAYQKVVAGVANALAHKYH,H + E+KA +T LWGKV V++ GGE LGRLLVVYPWTQRFFDSFG+LSSA A+MGNPKVKAHGKKVL S  + ++HLD+LKGTFA+LSELHCDKLHVDPENF+LLGNVLV VLA HFGKEFTP+VQA++QK+V GVA+AL+ +YH,sequence_70,147
94,sp|P02025.1|,P02025,RecName: Full=Hemoglobin subunit beta; AltName: Full=Beta-globin; AltName: Full=Hemoglobin beta chain [Hylobates lar],9580,Hylobates lar,95,146,1,238.039,606,5.24166e-81,108,129,3,147,2,146,145,0,HFTEEDKATITSLWGKVNVEDAGGETLGRLLVVYPWTQRFFDSFGNLSSASAIMGNPKVKAHGKKVLTSLGDAIKHLDDLKGTFAQLSELHCDKLHVDPENFKLLGNVLVTVLAIHFGKEFTPEVQASWQKMVTGVASALSSRYH,HLTPEEKSAVTALWGKVNVDEVGGEALGRLLVVYPWTQRFFESFGDLSTPDAVMGNPKVKAHGKKVLGAFSDGLAHLDNLKGTFAQLSELHCDKLHVDPENFRLLGNVLVCVLAHHFGKEFTPQVQAAYQKVVAGVANALAHKYH,H T E+K+ +T+LWGKVNV++ GGE LGRLLVVYPWTQRFF+SFG+LS+  A+MGNPKVKAHGKKVL +  D + HLD+LKGTFAQLSELHCDKLHVDPENF+LLGNVLV VLA HFGKEFTP+VQA++QK+V GVA+AL+ +YH,sequence_70,147
95,sp|Q6WN25.3|,Q6WN25,RecName: Full=Hemoglobin subunit beta; AltName: Full=Beta-globin; AltName: Full=Hemoglobin beta chain [Lagothrix lagotricha],9519,Lagothrix lagotricha,96,147,1,238.039,606,5.2445e-81,109,128,3,147,3,147,145,0,HFTEEDKATITSLWGKVNVEDAGGETLGRLLVVYPWTQRFFDSFGNLSSASAIMGNPKVKAHGKKVLTSLGDAIKHLDDLKGTFAQLSELHCDKLHVDPENFKLLGNVLVTVLAIHFGKEFTPEVQASWQKMVTGVASALSSRYH,HLTGEEKAAVTALWGKVNVDEVGGEALGRLLVVYPWTQRFFDSFGDLSTPDAVMSNPKVKAHGKKVLGAFSDGLAHLDNLKGTFAQLSELHCDKLHVDPENFRLLGNVLVCVLAHHFGKEFTPQVQAAYQKVVAGVANALAHKYH,H T E+KA +T+LWGKVNV++ GGE LGRLLVVYPWTQRFFDSFG+LS+  A+M NPKVKAHGKKVL +  D + HLD+LKGTFAQLSELHCDKLHVDPENF+LLGNVLV VLA HFGKEFTP+VQA++QK+V GVA+AL+ +YH,sequence_70,147
96,sp|P18989.1|,P18989,RecName: Full=Hemoglobin subunit beta; AltName: Full=Beta-globin; AltName: Full=Hemoglobin beta chain [Procyon lotor],9654,Procyon lotor,97,146,1,238.039,606,5.6599e-81,110,129,3,147,2,146,145,0,HFTEEDKATITSLWGKVNVEDAGGETLGRLLVVYPWTQRFFDSFGNLSSASAIMGNPKVKAHGKKVLTSLGDAIKHLDDLKGTFAQLSELHCDKLHVDPENFKLLGNVLVTVLAIHFGKEFTPEVQASWQKMVTGVASALSSRYH,HLTADEKTAVTTLWGKVNVEEVGGEALGRLLVVYPWTQRFFESFGDLSSADAIMGNPKVKAHGKKVLNSFSEGLKNLDNLKGTFAKLSELHCDKLHVDPENFRLLGNVLVCVLAHHFGKEFTPPVQAAYQKVVAGVANALAHKYH,H T ++K  +T+LWGKVNVE+ GGE LGRLLVVYPWTQRFF+SFG+LSSA AIMGNPKVKAHGKKVL S  + +K+LD+LKGTFA+LSELHCDKLHVDPENF+LLGNVLV VLA HFGKEFTP VQA++QK+V GVA+AL+ +YH,sequence_70,147
97,sp|P02036.2|,P02036,RecName: Full=Hemoglobin subunit beta; AltName: Full=Beta-globin; AltName: Full=Hemoglobin beta chain [Saimiri sciureus],9521,Saimiri sciureus,98,147,1,238.039,606,6.18221e-81,109,128,3,147,3,147,145,0,HFTEEDKATITSLWGKVNVEDAGGETLGRLLVVYPWTQRFFDSFGNLSSASAIMGNPKVKAHGKKVLTSLGDAIKHLDDLKGTFAQLSELHCDKLHVDPENFKLLGNVLVTVLAIHFGKEFTPEVQASWQKMVTGVASALSSRYH,HLTGDEKAAVTALWGKVNVEDVGGEALGRLLVVYPWTQRFFESFGDLSTPDAVMNNPKVKAHGKKVLGAFSDGLAHLDNLKGTFAQLSELHCDKLHVDPENFRLLGNVLVCVLAHHFGKEFTPQVQAAYQKVVAGVANALAHKYH,H T ++KA +T+LWGKVNVED GGE LGRLLVVYPWTQRFF+SFG+LS+  A+M NPKVKAHGKKVL +  D + HLD+LKGTFAQLSELHCDKLHVDPENF+LLGNVLV VLA HFGKEFTP+VQA++QK+V GVA+AL+ +YH,sequence_70,147
98,sp|P68054.1|,P68054,RecName: Full=Hemoglobin subunit beta; AltName: Full=Beta-globin; AltName: Full=Hemoglobin beta chain [Leontocebus nigricollis],9489,Leontocebus nigricollis,99,146,1,238.039,606,7.04797e-81,109,128,3,147,2,146,145,0,HFTEEDKATITSLWGKVNVEDAGGETLGRLLVVYPWTQRFFDSFGNLSSASAIMGNPKVKAHGKKVLTSLGDAIKHLDDLKGTFAQLSELHCDKLHVDPENFKLLGNVLVTVLAIHFGKEFTPEVQASWQKMVTGVASALSSRYH,HLTGEEKSAVTTLWGKVNVEEVGGEALGRLLVVYPWTQRFFESFGDLSSPDAVMNNPKVKAHGKKVLGAFSDGLAHLDNLKGTFAQLSELHCDKLHVDPENFRLLGNVLVCVLAHHFGKEFTPQVQAAYQKVVAGVANALAHKYH,H T E+K+ +T+LWGKVNVE+ GGE LGRLLVVYPWTQRFF+SFG+LSS  A+M NPKVKAHGKKVL +  D + HLD+LKGTFAQLSELHCDKLHVDPENF+LLGNVLV VLA HFGKEFTP+VQA++QK+V GVA+AL+ +YH,sequence_70,147
99,sp|P02026.1|,P02026,RecName: Full=Hemoglobin subunit beta; AltName: Full=Beta-globin; AltName: Full=Hemoglobin beta chain [Macaca mulatta],9544,Macaca mulatta,100,146,1,237.654,605,7.52732e-81,109,128,3,147,2,146,145,0,HFTEEDKATITSLWGKVNVEDAGGETLGRLLVVYPWTQRFFDSFGNLSSASAIMGNPKVKAHGKKVLTSLGDAIKHLDDLKGTFAQLSELHCDKLHVDPENFKLLGNVLVTVLAIHFGKEFTPEVQASWQKMVTGVASALSSRYH,HLTPEEKNAVTTLWGKVNVDEVGGEALGRLLLVYPWTQRFFESFGDLSSPDAVMGNPKVKAHGKKVLGAFSDGLNHLDNLKGTFAQLSELHCDKLHVDPENFKLLGNVLVCVLAHHFGKEFTPQVQAAYQKVVAGVANALAHKYH,H T E+K  +T+LWGKVNV++ GGE LGRLL+VYPWTQRFF+SFG+LSS  A+MGNPKVKAHGKKVL +  D + HLD+LKGTFAQLSELHCDKLHVDPENFKLLGNVLV VLA HFGKEFTP+VQA++QK+V GVA+AL+ +YH,sequence_70,147
